timestamp,left_iris_x,left_iris_y,right_iris_x,right_iris_y,gaze_x,gaze_y,screen_width,screen_height
1753173605807,0.43478,0.36302,0.61388,0.35958,26,13,1280,632
1753173605922,0.45095,0.36603,0.62916,0.36271,26,13,1280,632
1753173605940,0.46174,0.37168,0.64145,0.36669,26,13,1280,632
1753173605958,0.46217,0.37173,0.64088,0.36729,26,13,1280,632
1753173605976,0.46232,0.37225,0.64079,0.36769,26,13,1280,632
1753173605993,0.46239,0.37259,0.64036,0.36740,26,13,1280,632
1753173606008,0.46977,0.37526,0.64954,0.36932,26,13,1280,632
1753173606025,0.47056,0.37632,0.64856,0.37127,26,13,1280,632
1753173606042,0.47092,0.37637,0.64838,0.37089,26,13,1280,632
1753173606061,0.47086,0.37670,0.64844,0.37101,26,13,1280,632
1753173606078,0.47068,0.37676,0.64809,0.37076,26,13,1280,632
1753173606094,0.47095,0.37652,0.64819,0.37104,26,13,1280,632
1753173606109,0.47343,0.37827,0.65407,0.37208,26,13,1280,632
1753173606127,0.47444,0.37760,0.65332,0.37369,26,13,1280,632
1753173606144,0.47491,0.37797,0.65298,0.37362,26,13,1280,632
1753173606161,0.47500,0.37758,0.65315,0.37372,26,13,1280,632
1753173606178,0.48743,0.37792,0.66445,0.37318,26,13,1280,632
1753173606196,0.48644,0.37713,0.66561,0.37428,26,13,1280,632
1753173606211,0.48755,0.37752,0.66526,0.37432,26,13,1280,632
1753173606228,0.48786,0.37757,0.66508,0.37438,26,13,1280,632
1753173606242,0.49830,0.38002,0.67365,0.37698,26,13,1280,632
1753173606261,0.49852,0.38058,0.67359,0.37658,26,13,1280,632
1753173606278,0.49819,0.38032,0.67338,0.37672,26,13,1280,632
1753173606295,0.49834,0.38026,0.67376,0.37706,26,13,1280,632
1753173606313,0.49824,0.38042,0.67348,0.37682,26,13,1280,632
1753173606327,0.49561,0.38233,0.67349,0.38060,26,13,1280,632
1753173606344,0.49648,0.38242,0.67191,0.37933,26,13,1280,632
1753173606363,0.49588,0.38223,0.67235,0.37968,26,13,1280,632
1753173606380,0.49609,0.38249,0.67179,0.37986,26,13,1280,632
1753173606394,0.49459,0.38496,0.67193,0.38349,26,13,1280,632
1753173606411,0.49604,0.38524,0.67046,0.38341,26,13,1280,632
1753173606429,0.49596,0.38551,0.67066,0.38355,26,13,1280,632
1753173606445,0.49595,0.38550,0.67053,0.38354,26,13,1280,632
1753173606462,0.49596,0.38529,0.67054,0.38373,26,13,1280,632
1753173606479,0.49586,0.38551,0.67072,0.38395,26,13,1280,632
1753173606494,0.49359,0.38758,0.67033,0.38571,26,13,1280,632
1753173606511,0.49469,0.38831,0.66958,0.38744,26,13,1280,632
1753173606527,0.49479,0.38855,0.66951,0.38756,26,13,1280,632
1753173606545,0.49490,0.38864,0.66935,0.38735,26,13,1280,632
1753173606559,0.49077,0.38842,0.66750,0.38783,26,13,1280,632
1753173606575,0.49242,0.38906,0.66655,0.38781,26,13,1280,632
1753173606593,0.49241,0.38915,0.66704,0.38829,26,13,1280,632
1753173606610,0.49239,0.38919,0.66688,0.38823,26,13,1280,632
1753173606627,0.49245,0.38926,0.66722,0.38830,26,13,1280,632
1753173606645,0.49228,0.38934,0.66727,0.38848,26,13,1280,632
1753173606659,0.48910,0.38856,0.66381,0.38821,26,13,1280,632
1753173606676,0.48960,0.38826,0.66328,0.38785,26,13,1280,632
1753173606693,0.48983,0.38881,0.66367,0.38817,26,13,1280,632
1753173606710,0.48981,0.38854,0.66346,0.38802,26,13,1280,632
1753173606727,0.48629,0.38787,0.66188,0.38746,26,13,1280,632
1753173606744,0.48790,0.38746,0.66182,0.38776,26,13,1280,632
1753173606761,0.48765,0.38737,0.66169,0.38804,26,13,1280,632
1753173606778,0.48768,0.38728,0.66175,0.38765,26,13,1280,632
1753173606792,0.48671,0.38742,0.66042,0.38677,26,13,1280,632
1753173606810,0.48710,0.38795,0.66059,0.38681,26,13,1280,632
1753173606827,0.48722,0.38793,0.66078,0.38676,26,13,1280,632
1753173606844,0.48665,0.38752,0.66074,0.38675,26,13,1280,632
1753173606861,0.48645,0.38741,0.66113,0.38693,26,13,1280,632
1753173606878,0.48646,0.38749,0.66136,0.38711,26,13,1280,632
1753173606892,0.48726,0.38773,0.66222,0.38775,26,13,1280,632
1753173606908,0.48722,0.38744,0.66124,0.38676,26,13,1280,632
1753173606925,0.48748,0.38767,0.66122,0.38711,26,13,1280,632
1753173606942,0.48750,0.38737,0.66124,0.38711,26,13,1280,632
1753173606958,0.48752,0.38737,0.66126,0.38681,26,13,1280,632
1753173606975,0.48822,0.38827,0.66330,0.38922,26,13,1280,632
1753173606992,0.48816,0.38791,0.66285,0.38885,26,13,1280,632
1753173607009,0.48806,0.38792,0.66292,0.38896,26,13,1280,632
1753173607026,0.48823,0.38791,0.66291,0.38886,26,13,1280,632
1753173607043,0.48818,0.38784,0.66303,0.38909,26,13,1280,632
1753173607060,0.48879,0.38898,0.66301,0.38951,26,13,1280,632
1753173607076,0.48852,0.38886,0.66382,0.39020,26,13,1280,632
1753173607093,0.48819,0.38897,0.66362,0.38979,26,13,1280,632
1753173607109,0.48836,0.38875,0.66362,0.38978,26,13,1280,632
1753173607126,0.48746,0.38943,0.66047,0.38965,26,13,1280,632
1753173607143,0.48730,0.38971,0.66197,0.39012,26,13,1280,632
1753173607160,0.48717,0.38950,0.66179,0.38979,26,13,1280,632
1753173607176,0.48713,0.38930,0.66167,0.39010,26,13,1280,632
1753173607193,0.48680,0.38955,0.66137,0.38975,26,13,1280,632
1753173607209,0.48698,0.38955,0.66200,0.39004,26,13,1280,632
1753173607226,0.48560,0.39083,0.65724,0.38962,26,13,1280,632
1753173607244,0.48468,0.39148,0.66004,0.39065,26,13,1280,632
1753173607261,0.48462,0.39158,0.65965,0.39070,26,13,1280,632
1753173607278,0.48445,0.39132,0.65962,0.39035,26,13,1280,632
1753173607292,0.48199,0.39342,0.65441,0.39037,26,13,1280,632
1753173607309,0.48157,0.39386,0.65645,0.39178,26,13,1280,632
1753173607326,0.48169,0.39404,0.65645,0.39163,26,13,1280,632
1753173607343,0.48141,0.39391,0.65659,0.39210,26,13,1280,632
1753173607360,0.47918,0.39416,0.65115,0.39170,26,13,1280,632
1753173607376,0.47818,0.39456,0.65338,0.39346,26,13,1280,632
1753173607392,0.47857,0.39494,0.65345,0.39337,26,13,1280,632
1753173607409,0.47875,0.39492,0.65354,0.39335,26,13,1280,632
1753173607425,0.47876,0.39466,0.65340,0.39338,26,13,1280,632
1753173607442,0.47866,0.39500,0.65331,0.39322,26,13,1280,632
1753173607459,0.47791,0.39580,0.65139,0.39373,26,13,1280,632
1753173607476,0.47730,0.39605,0.65267,0.39491,26,13,1280,632
1753173607492,0.47792,0.39617,0.65296,0.39477,26,13,1280,632
1753173607509,0.47774,0.39578,0.65292,0.39477,26,13,1280,632
1753173607526,0.47701,0.39751,0.65226,0.39521,26,13,1280,632
1753173607545,0.47730,0.39740,0.65249,0.39558,26,13,1280,632
1753173607562,0.47745,0.39772,0.65240,0.39581,26,13,1280,632
1753173607578,0.47710,0.39733,0.65253,0.39550,26,13,1280,632
1753173607595,0.47733,0.39775,0.65241,0.39593,26,13,1280,632
1753173607612,0.47717,0.39730,0.65236,0.39548,26,13,1280,632
1753173607625,0.47665,0.39825,0.65199,0.39612,26,13,1280,632
1753173607643,0.47665,0.39791,0.65190,0.39635,26,13,1280,632
1753173607659,0.47679,0.39786,0.65184,0.39642,26,13,1280,632
1753173607676,0.47675,0.39791,0.65194,0.39626,26,13,1280,632
1753173607693,0.47785,0.39818,0.65242,0.39693,26,13,1280,632
1753173607710,0.47780,0.39932,0.65246,0.39687,26,13,1280,632
1753173607726,0.47743,0.39804,0.65292,0.39705,26,13,1280,632
1753173607744,0.47759,0.39914,0.65259,0.39728,26,13,1280,632
1753173607760,0.47755,0.39855,0.65277,0.39708,26,13,1280,632
1753173607777,0.47767,0.39894,0.65265,0.39679,26,13,1280,632
1753173607807,0.47902,0.39882,0.65487,0.39703,26,13,1280,632
1753173607826,0.47887,0.39822,0.65484,0.39724,26,13,1280,632
1753173607845,0.47943,0.39874,0.65467,0.39727,26,13,1280,632
1753173607876,0.48139,0.39905,0.65660,0.39780,26,13,1280,632
1753173607893,0.48136,0.39921,0.65667,0.39826,26,13,1280,632
1753173607910,0.48141,0.39926,0.65648,0.39824,26,13,1280,632
1753173607940,0.48183,0.39936,0.65817,0.39891,26,13,1280,632
1753173607958,0.48224,0.39936,0.65814,0.39829,26,13,1280,632
1753173607988,0.48258,0.39981,0.65825,0.39835,26,13,1280,632
1753173608007,0.48172,0.39927,0.65830,0.39891,26,13,1280,632
1753173608025,0.48212,0.40063,0.65815,0.39887,26,13,1280,632
1753173608041,0.48272,0.40118,0.65835,0.39977,26,13,1280,632
1753173608058,0.48265,0.40101,0.65845,0.39932,26,13,1280,632
1753173608075,0.48285,0.40116,0.65851,0.39930,26,13,1280,632
1753173608091,0.48280,0.40290,0.65848,0.39972,26,13,1280,632
1753173608107,0.48333,0.40281,0.65899,0.40086,26,13,1280,632
1753173608125,0.48329,0.40266,0.65896,0.40077,26,13,1280,632
1753173608141,0.48322,0.40280,0.65921,0.40084,26,13,1280,632
1753173608158,0.48345,0.40288,0.65931,0.40119,26,13,1280,632
1753173608175,0.48331,0.40292,0.65902,0.40075,26,13,1280,632
1753173608192,0.48204,0.40437,0.65807,0.40228,26,13,1280,632
1753173608209,0.48215,0.40456,0.65880,0.40249,26,13,1280,632
1753173608225,0.48219,0.40411,0.65864,0.40271,26,13,1280,632
1753173608242,0.48226,0.40429,0.65855,0.40262,26,13,1280,632
1753173608259,0.48162,0.40580,0.65843,0.40382,26,13,1280,632
1753173608275,0.48170,0.40570,0.65879,0.40363,26,13,1280,632
1753173608291,0.48189,0.40591,0.65863,0.40373,26,13,1280,632
1753173608308,0.48185,0.40572,0.65859,0.40374,26,13,1280,632
1753173608325,0.48181,0.40582,0.65847,0.40366,26,13,1280,632
1753173608341,0.48179,0.40572,0.65854,0.40383,26,13,1280,632
1753173608359,0.48151,0.40652,0.65860,0.40444,26,13,1280,632
1753173608375,0.48162,0.40666,0.65843,0.40447,26,13,1280,632
1753173608392,0.48168,0.40692,0.65842,0.40485,26,13,1280,632
1753173608409,0.48138,0.40687,0.65859,0.40539,26,13,1280,632
1753173608426,0.48153,0.40681,0.65848,0.40513,26,13,1280,632
1753173608442,0.48165,0.40674,0.65837,0.40515,26,13,1280,632
1753173608459,0.48135,0.40690,0.65854,0.40522,26,13,1280,632
1753173608473,0.48210,0.40740,0.65836,0.40522,26,13,1280,632
1753173608490,0.48183,0.40728,0.65835,0.40488,26,13,1280,632
1753173608507,0.48206,0.40720,0.65808,0.40500,26,13,1280,632
1753173608525,0.48189,0.40730,0.65835,0.40529,26,13,1280,632
1753173608541,0.48193,0.40714,0.65814,0.40514,26,13,1280,632
1753173608559,0.48204,0.40713,0.65813,0.40523,26,13,1280,632
1753173608576,0.48199,0.40695,0.65857,0.40555,26,13,1280,632
1753173608593,0.48217,0.40698,0.65853,0.40537,26,13,1280,632
1753173608609,0.48208,0.40691,0.65840,0.40542,26,13,1280,632
1753173608626,0.48214,0.40703,0.65853,0.40584,26,13,1280,632
1753173608642,0.48240,0.40646,0.65906,0.40478,26,13,1280,632
1753173608659,0.48257,0.40664,0.65931,0.40505,26,13,1280,632
1753173608676,0.48258,0.40645,0.65937,0.40508,26,13,1280,632
1753173608693,0.48263,0.40662,0.65921,0.40516,26,13,1280,632
1753173608709,0.48250,0.40665,0.65933,0.40527,26,13,1280,632
1753173608726,0.48274,0.40660,0.65932,0.40514,26,13,1280,632
1753173608742,0.48221,0.40634,0.65926,0.40495,26,13,1280,632
1753173608760,0.48258,0.40662,0.65924,0.40507,26,13,1280,632
1753173608777,0.48257,0.40652,0.65931,0.40475,26,13,1280,632
1753173608794,0.48259,0.40672,0.65914,0.40465,26,13,1280,632
1753173608811,0.48252,0.40646,0.65950,0.40408,26,13,1280,632
1753173609861,0.48059,0.40649,0.65829,0.40425,320,13,1280,632
1753173609879,0.48102,0.40647,0.65964,0.40542,320,13,1280,632
1753173609895,0.48093,0.40674,0.65970,0.40547,320,13,1280,632
1753173609911,0.48104,0.40664,0.65972,0.40566,320,13,1280,632
1753173609928,0.48121,0.40654,0.65958,0.40519,320,13,1280,632
1753173609945,0.48202,0.40701,0.66089,0.40565,320,13,1280,632
1753173609961,0.48284,0.40671,0.66089,0.40515,320,13,1280,632
1753173609978,0.48304,0.40671,0.66090,0.40510,320,13,1280,632
1753173609995,0.48295,0.40634,0.66075,0.40512,320,13,1280,632
1753173610011,0.48297,0.40632,0.66069,0.40489,320,13,1280,632
1753173610028,0.48351,0.40639,0.66212,0.40555,320,13,1280,632
1753173610044,0.48395,0.40602,0.66192,0.40462,320,13,1280,632
1753173610061,0.48384,0.40617,0.66203,0.40446,320,13,1280,632
1753173610078,0.48410,0.40609,0.66184,0.40431,320,13,1280,632
1753173610091,0.48396,0.40650,0.66238,0.40480,320,13,1280,632
1753173610109,0.48388,0.40684,0.66239,0.40470,320,13,1280,632
1753173610126,0.48399,0.40650,0.66239,0.40497,320,13,1280,632
1753173610143,0.48386,0.40691,0.66258,0.40447,320,13,1280,632
1753173610159,0.48396,0.40648,0.66233,0.40486,320,13,1280,632
1753173610176,0.48396,0.40659,0.66246,0.40475,320,13,1280,632
1753173610193,0.48390,0.40634,0.66269,0.40527,320,13,1280,632
1753173610209,0.48399,0.40646,0.66259,0.40492,320,13,1280,632
1753173610226,0.48388,0.40641,0.66259,0.40487,320,13,1280,632
1753173610242,0.48382,0.40651,0.66262,0.40497,320,13,1280,632
1753173610260,0.48338,0.40656,0.66206,0.40480,320,13,1280,632
1753173610276,0.48340,0.40686,0.66194,0.40490,320,13,1280,632
1753173610293,0.48333,0.40677,0.66207,0.40480,320,13,1280,632
1753173610309,0.48337,0.40672,0.66213,0.40505,320,13,1280,632
1753173610326,0.48242,0.40688,0.66109,0.40461,320,13,1280,632
1753173610344,0.48250,0.40719,0.66112,0.40492,320,13,1280,632
1753173610360,0.48245,0.40697,0.66119,0.40531,320,13,1280,632
1753173610377,0.48259,0.40703,0.66102,0.40516,320,13,1280,632
1753173610393,0.48250,0.40704,0.66122,0.40517,320,13,1280,632
1753173610410,0.48251,0.40731,0.66115,0.40514,320,13,1280,632
1753173610427,0.48104,0.40779,0.65992,0.40522,320,13,1280,632
1753173610443,0.48126,0.40762,0.65983,0.40518,320,13,1280,632
1753173610460,0.48109,0.40781,0.65979,0.40525,320,13,1280,632
1753173610477,0.48107,0.40784,0.65984,0.40557,320,13,1280,632
1753173610494,0.48061,0.40814,0.65933,0.40566,320,13,1280,632
1753173610510,0.48056,0.40796,0.65925,0.40569,320,13,1280,632
1753173610527,0.48047,0.40816,0.65912,0.40560,320,13,1280,632
1753173610543,0.48032,0.40813,0.65920,0.40586,320,13,1280,632
1753173610560,0.48031,0.40796,0.65925,0.40577,320,13,1280,632
1753173610576,0.48029,0.40803,0.65910,0.40585,320,13,1280,632
1753173610594,0.48043,0.40759,0.65907,0.40541,320,13,1280,632
1753173610611,0.48024,0.40764,0.65884,0.40516,320,13,1280,632
1753173610627,0.48038,0.40768,0.65899,0.40528,320,13,1280,632
1753173610644,0.48022,0.40763,0.65880,0.40515,320,13,1280,632
1753173610661,0.48035,0.40736,0.65895,0.40467,320,13,1280,632
1753173610678,0.48017,0.40720,0.65883,0.40481,320,13,1280,632
1753173610694,0.48017,0.40723,0.65885,0.40492,320,13,1280,632
1753173610711,0.48039,0.40724,0.65880,0.40464,320,13,1280,632
1753173610727,0.48015,0.40697,0.65830,0.40377,320,13,1280,632
1753173610744,0.48015,0.40701,0.65831,0.40373,320,13,1280,632
1753173610761,0.48007,0.40683,0.65830,0.40363,320,13,1280,632
1753173610778,0.48021,0.40677,0.65822,0.40358,320,13,1280,632
1753173610794,0.48001,0.40704,0.65839,0.40354,320,13,1280,632
1753173610811,0.48004,0.40687,0.65821,0.40384,320,13,1280,632
1753173610828,0.48004,0.40649,0.65837,0.40299,320,13,1280,632
1753173610845,0.47990,0.40614,0.65814,0.40333,320,13,1280,632
1753173610863,0.48003,0.40597,0.65826,0.40324,320,13,1280,632
1753173610880,0.48009,0.40621,0.65823,0.40319,320,13,1280,632
1753173610897,0.48074,0.40522,0.65870,0.40310,320,13,1280,632
1753173610914,0.48074,0.40466,0.65868,0.40288,320,13,1280,632
1753173610931,0.48081,0.40502,0.65876,0.40302,320,13,1280,632
1753173610948,0.48097,0.40477,0.65880,0.40278,320,13,1280,632
1753173610964,0.48102,0.40481,0.65882,0.40282,320,13,1280,632
1753173610981,0.48111,0.40467,0.65892,0.40289,320,13,1280,632
1753173610998,0.48183,0.40431,0.65989,0.40283,320,13,1280,632
1753173611015,0.48209,0.40435,0.65998,0.40227,320,13,1280,632
1753173611032,0.48215,0.40421,0.66009,0.40213,320,13,1280,632
1753173611048,0.48228,0.40409,0.65999,0.40193,320,13,1280,632
1753173611065,0.48357,0.40392,0.66148,0.40244,320,13,1280,632
1753173611082,0.48395,0.40418,0.66137,0.40172,320,13,1280,632
1753173611098,0.48416,0.40399,0.66146,0.40201,320,13,1280,632
1753173611114,0.48376,0.40428,0.66161,0.40190,320,13,1280,632
1753173611132,0.48415,0.40390,0.66144,0.40214,320,13,1280,632
1753173611146,0.48494,0.40417,0.66351,0.40268,320,13,1280,632
1753173611163,0.48604,0.40314,0.66327,0.40239,320,13,1280,632
1753173611179,0.48591,0.40334,0.66332,0.40199,320,13,1280,632
1753173611196,0.48590,0.40334,0.66321,0.40178,320,13,1280,632
1753173611213,0.48603,0.40333,0.66344,0.40169,320,13,1280,632
1753173611231,0.48709,0.40391,0.66530,0.40203,320,13,1280,632
1753173611247,0.48766,0.40345,0.66554,0.40209,320,13,1280,632
1753173611264,0.48765,0.40340,0.66555,0.40204,320,13,1280,632
1753173611281,0.48778,0.40343,0.66551,0.40207,320,13,1280,632
1753173611298,0.48777,0.40341,0.66543,0.40206,320,13,1280,632
1753173611311,0.48936,0.40401,0.66708,0.40295,320,13,1280,632
1753173611328,0.48926,0.40419,0.66740,0.40330,320,13,1280,632
1753173611344,0.48927,0.40326,0.66723,0.40301,320,13,1280,632
1753173611362,0.48942,0.40406,0.66728,0.40330,320,13,1280,632
1753173611378,0.48934,0.40331,0.66735,0.40297,320,13,1280,632
1753173611396,0.49046,0.40437,0.66851,0.40361,320,13,1280,632
1753173611412,0.49035,0.40382,0.66885,0.40309,320,13,1280,632
1753173611429,0.49043,0.40420,0.66884,0.40326,320,13,1280,632
1753173611445,0.49123,0.40427,0.66967,0.40367,320,13,1280,632
1753173611463,0.49108,0.40492,0.66973,0.40346,320,13,1280,632
1753173611479,0.49119,0.40467,0.66969,0.40373,320,13,1280,632
1753173611496,0.49127,0.40467,0.66974,0.40381,320,13,1280,632
1753173611513,0.49114,0.40493,0.66976,0.40377,320,13,1280,632
1753173611530,0.49111,0.40477,0.66974,0.40383,320,13,1280,632
1753173611545,0.49124,0.40472,0.67011,0.40407,320,13,1280,632
1753173611562,0.49143,0.40505,0.67009,0.40389,320,13,1280,632
1753173611578,0.49134,0.40480,0.67023,0.40377,320,13,1280,632
1753173611595,0.49136,0.40491,0.66990,0.40375,320,13,1280,632
1753173611612,0.49142,0.40526,0.67025,0.40431,320,13,1280,632
1753173611628,0.49162,0.40509,0.67010,0.40454,320,13,1280,632
1753173611645,0.49162,0.40544,0.67020,0.40428,320,13,1280,632
1753173611662,0.49158,0.40505,0.66999,0.40428,320,13,1280,632
1753173611678,0.49145,0.40524,0.66997,0.40447,320,13,1280,632
1753173611695,0.49149,0.40544,0.67003,0.40437,320,13,1280,632
1753173611712,0.49207,0.40543,0.67054,0.40427,320,13,1280,632
1753173611731,0.49194,0.40537,0.67055,0.40451,320,13,1280,632
1753173611747,0.49218,0.40566,0.67063,0.40438,320,13,1280,632
1753173611764,0.49205,0.40538,0.67052,0.40422,320,13,1280,632
1753173611777,0.49267,0.40544,0.67071,0.40459,320,13,1280,632
1753173611795,0.49259,0.40532,0.67105,0.40476,320,13,1280,632
1753173611812,0.49279,0.40543,0.67121,0.40470,320,13,1280,632
1753173611828,0.49257,0.40546,0.67109,0.40451,320,13,1280,632
1753173611845,0.49267,0.40551,0.67101,0.40449,320,13,1280,632
1753173611862,0.49265,0.40544,0.67115,0.40479,320,13,1280,632
1753173611878,0.49282,0.40528,0.67181,0.40433,320,13,1280,632
1753173611895,0.49299,0.40523,0.67167,0.40437,320,13,1280,632
1753173611911,0.49277,0.40507,0.67173,0.40420,320,13,1280,632
1753173611928,0.49280,0.40502,0.67187,0.40436,320,13,1280,632
1753173611945,0.49314,0.40492,0.67145,0.40347,320,13,1280,632
1753173611962,0.49318,0.40459,0.67167,0.40365,320,13,1280,632
1753173611978,0.49317,0.40483,0.67171,0.40337,320,13,1280,632
1753173611995,0.49317,0.40452,0.67156,0.40357,320,13,1280,632
1753173612011,0.49314,0.40395,0.67150,0.40271,320,13,1280,632
1753173612027,0.49290,0.40381,0.67125,0.40274,320,13,1280,632
1753173612045,0.49309,0.40430,0.67141,0.40310,320,13,1280,632
1753173612062,0.49314,0.40401,0.67149,0.40294,320,13,1280,632
1753173612078,0.49291,0.40400,0.67159,0.40300,320,13,1280,632
1753173612095,0.49313,0.40390,0.67139,0.40291,320,13,1280,632
1753173612111,0.49276,0.40392,0.67112,0.40263,320,13,1280,632
1753173612128,0.49276,0.40371,0.67119,0.40254,320,13,1280,632
1753173612145,0.49275,0.40393,0.67111,0.40273,320,13,1280,632
1753173612162,0.49266,0.40382,0.67118,0.40245,320,13,1280,632
1753173612179,0.49230,0.40344,0.67065,0.40216,320,13,1280,632
1753173612196,0.49223,0.40326,0.67062,0.40249,320,13,1280,632
1753173612213,0.49233,0.40348,0.67073,0.40241,320,13,1280,632
1753173612230,0.49212,0.40329,0.67072,0.40260,320,13,1280,632
1753173612246,0.49219,0.40320,0.67077,0.40242,320,13,1280,632
1753173612263,0.49224,0.40321,0.67061,0.40222,320,13,1280,632
1753173612280,0.49228,0.40330,0.67058,0.40261,320,13,1280,632
1753173612297,0.49231,0.40330,0.67055,0.40253,320,13,1280,632
1753173612314,0.49227,0.40307,0.67070,0.40251,320,13,1280,632
1753173612330,0.49230,0.40328,0.67061,0.40242,320,13,1280,632
1753173612347,0.49249,0.40319,0.67095,0.40211,320,13,1280,632
1753173612363,0.49246,0.40322,0.67098,0.40206,320,13,1280,632
1753173612380,0.49262,0.40333,0.67112,0.40195,320,13,1280,632
1753173612397,0.49252,0.40334,0.67099,0.40196,320,13,1280,632
1753173612414,0.49258,0.40335,0.67103,0.40198,320,13,1280,632
1753173612431,0.49257,0.40327,0.67104,0.40220,320,13,1280,632
1753173612448,0.49299,0.40312,0.67139,0.40196,320,13,1280,632
1753173612465,0.49307,0.40283,0.67144,0.40179,320,13,1280,632
1753173612482,0.49325,0.40297,0.67154,0.40181,320,13,1280,632
1753173612498,0.49311,0.40282,0.67137,0.40179,320,13,1280,632
1753173612515,0.49329,0.40297,0.67137,0.40194,320,13,1280,632
1753173612532,0.49328,0.40290,0.67150,0.40195,320,13,1280,632
1753173612547,0.49330,0.40284,0.67150,0.40181,320,13,1280,632
1753173612564,0.49338,0.40279,0.67136,0.40206,320,13,1280,632
1753173612582,0.49351,0.40283,0.67145,0.40180,320,13,1280,632
1753173612598,0.49328,0.40274,0.67147,0.40158,320,13,1280,632
1753173612616,0.49306,0.40323,0.67144,0.40194,320,13,1280,632
1753173612632,0.49316,0.40271,0.67142,0.40164,320,13,1280,632
1753173612649,0.49312,0.40311,0.67148,0.40183,320,13,1280,632
1753173612662,0.49330,0.40277,0.67128,0.40149,320,13,1280,632
1753173612679,0.49332,0.40283,0.67144,0.40125,320,13,1280,632
1753173612696,0.49333,0.40302,0.67129,0.40136,320,13,1280,632
1753173612713,0.49331,0.40296,0.67142,0.40129,320,13,1280,632
1753173612730,0.49342,0.40297,0.67128,0.40131,320,13,1280,632
1753173612748,0.49290,0.40311,0.67118,0.40157,320,13,1280,632
1753173612764,0.49288,0.40313,0.67122,0.40158,320,13,1280,632
1753173612781,0.49279,0.40316,0.67114,0.40141,320,13,1280,632
1753173612797,0.49301,0.40318,0.67133,0.40172,320,13,1280,632
1753173612814,0.49284,0.40300,0.67112,0.40163,320,13,1280,632
1753173612828,0.49252,0.40340,0.67100,0.40181,320,13,1280,632
1753173612846,0.49254,0.40342,0.67090,0.40184,320,13,1280,632
1753173612865,0.49248,0.40329,0.67105,0.40170,320,13,1280,632
1753173613895,0.48450,0.40189,0.66271,0.40238,640,13,1280,632
1753173613912,0.48467,0.40175,0.66283,0.40232,640,13,1280,632
1753173613929,0.48457,0.40170,0.66271,0.40228,640,13,1280,632
1753173613945,0.48485,0.40175,0.66272,0.40233,640,13,1280,632
1753173613962,0.48461,0.40201,0.66246,0.40199,640,13,1280,632
1753173613979,0.48459,0.40175,0.66238,0.40203,640,13,1280,632
1753173613996,0.48466,0.40180,0.66226,0.40196,640,13,1280,632
1753173614012,0.48465,0.40183,0.66229,0.40220,640,13,1280,632
1753173614029,0.48481,0.40154,0.66237,0.40230,640,13,1280,632
1753173614046,0.48487,0.40174,0.66235,0.40233,640,13,1280,632
1753173614063,0.48493,0.40168,0.66222,0.40236,640,13,1280,632
1753173614081,0.48501,0.40149,0.66203,0.40227,640,13,1280,632
1753173614097,0.48545,0.40149,0.66202,0.40206,640,13,1280,632
1753173614114,0.48538,0.40142,0.66216,0.40190,640,13,1280,632
1753173614130,0.48542,0.40149,0.66216,0.40187,640,13,1280,632
1753173614147,0.48502,0.40132,0.66266,0.40220,640,13,1280,632
1753173614163,0.48498,0.40129,0.66270,0.40238,640,13,1280,632
1753173614180,0.48471,0.40114,0.66282,0.40202,640,13,1280,632
1753173614198,0.48546,0.40108,0.66285,0.40218,640,13,1280,632
1753173614215,0.48526,0.40088,0.66280,0.40224,640,13,1280,632
1753173614232,0.48534,0.40116,0.66284,0.40204,640,13,1280,632
1753173614249,0.48542,0.40106,0.66282,0.40203,640,13,1280,632
1753173614266,0.48514,0.40126,0.66317,0.40192,640,13,1280,632
1753173614283,0.48524,0.40117,0.66305,0.40175,640,13,1280,632
1753173614300,0.48528,0.40128,0.66314,0.40186,640,13,1280,632
1753173614317,0.48530,0.40113,0.66310,0.40183,640,13,1280,632
1753173614334,0.48513,0.40111,0.66315,0.40180,640,13,1280,632
1753173614348,0.48486,0.40118,0.66309,0.40196,640,13,1280,632
1753173614366,0.48490,0.40142,0.66316,0.40211,640,13,1280,632
1753173614382,0.48502,0.40121,0.66295,0.40200,640,13,1280,632
1753173614400,0.48505,0.40136,0.66306,0.40206,640,13,1280,632
1753173614413,0.48439,0.40141,0.66272,0.40210,640,13,1280,632
1753173614430,0.48469,0.40149,0.66264,0.40189,640,13,1280,632
1753173614448,0.48455,0.40152,0.66256,0.40209,640,13,1280,632
1753173614465,0.48447,0.40146,0.66264,0.40194,640,13,1280,632
1753173614482,0.48456,0.40151,0.66250,0.40178,640,13,1280,632
1753173614499,0.48459,0.40124,0.66248,0.40182,640,13,1280,632
1753173614512,0.48391,0.40179,0.66201,0.40237,640,13,1280,632
1753173614530,0.48409,0.40197,0.66195,0.40267,640,13,1280,632
1753173614547,0.48396,0.40181,0.66197,0.40239,640,13,1280,632
1753173614564,0.48414,0.40203,0.66205,0.40240,640,13,1280,632
1753173614581,0.48419,0.40195,0.66187,0.40233,640,13,1280,632
1753173614598,0.48367,0.40237,0.66171,0.40304,640,13,1280,632
1753173614615,0.48379,0.40249,0.66183,0.40304,640,13,1280,632
1753173614632,0.48403,0.40229,0.66162,0.40275,640,13,1280,632
1753173614649,0.48401,0.40250,0.66160,0.40296,640,13,1280,632
1753173614666,0.48388,0.40252,0.66160,0.40308,640,13,1280,632
1753173614681,0.48399,0.40248,0.66171,0.40324,640,13,1280,632
1753173614699,0.48377,0.40223,0.66189,0.40349,640,13,1280,632
1753173614715,0.48367,0.40246,0.66196,0.40363,640,13,1280,632
1753173614732,0.48372,0.40251,0.66181,0.40359,640,13,1280,632
1753173614749,0.48386,0.40258,0.66185,0.40346,640,13,1280,632
1753173614766,0.48380,0.40299,0.66205,0.40365,640,13,1280,632
1753173614783,0.48369,0.40303,0.66206,0.40349,640,13,1280,632
1753173614800,0.48372,0.40295,0.66187,0.40370,640,13,1280,632
1753173614814,0.48360,0.40286,0.66170,0.40383,640,13,1280,632
1753173614832,0.48367,0.40292,0.66171,0.40350,640,13,1280,632
1753173614849,0.48365,0.40302,0.66175,0.40390,640,13,1280,632
1753173614866,0.48368,0.40305,0.66173,0.40393,640,13,1280,632
1753173614882,0.48369,0.40299,0.66173,0.40357,640,13,1280,632
1753173614900,0.48367,0.40303,0.66165,0.40360,640,13,1280,632
1753173614917,0.48295,0.40298,0.66115,0.40355,640,13,1280,632
1753173614934,0.48333,0.40272,0.66111,0.40351,640,13,1280,632
1753173614951,0.48351,0.40298,0.66123,0.40356,640,13,1280,632
1753173614969,0.48354,0.40270,0.66121,0.40358,640,13,1280,632
1753173614983,0.48216,0.40324,0.66026,0.40352,640,13,1280,632
1753173615000,0.48253,0.40272,0.66024,0.40331,640,13,1280,632
1753173615017,0.48264,0.40267,0.66029,0.40335,640,13,1280,632
1753173615034,0.48267,0.40279,0.66013,0.40318,640,13,1280,632
1753173615052,0.48231,0.40290,0.66013,0.40328,640,13,1280,632
1753173615069,0.48248,0.40282,0.66028,0.40319,640,13,1280,632
1753173615085,0.48129,0.40215,0.65931,0.40193,640,13,1280,632
1753173615102,0.48154,0.40145,0.65952,0.40162,640,13,1280,632
1753173615119,0.48179,0.40194,0.65945,0.40190,640,13,1280,632
1753173615134,0.48153,0.40159,0.65940,0.40184,640,13,1280,632
1753173615151,0.48044,0.40130,0.65942,0.40073,640,13,1280,632
1753173615168,0.48123,0.40019,0.65891,0.40005,640,13,1280,632
1753173615185,0.48150,0.40072,0.65899,0.40028,640,13,1280,632
1753173615202,0.48155,0.40064,0.65892,0.39990,640,13,1280,632
1753173615218,0.48128,0.40048,0.65897,0.40003,640,13,1280,632
1753173615235,0.48133,0.40028,0.65900,0.40025,640,13,1280,632
1753173615248,0.48113,0.40057,0.65879,0.39973,640,13,1280,632
1753173615265,0.48082,0.40043,0.65916,0.39977,640,13,1280,632
1753173615282,0.48082,0.40035,0.65886,0.39968,640,13,1280,632
1753173615298,0.48077,0.40044,0.65897,0.39947,640,13,1280,632
1753173615315,0.48093,0.40009,0.65954,0.39941,640,13,1280,632
1753173615332,0.48096,0.40008,0.65943,0.39930,640,13,1280,632
1753173615348,0.48111,0.39993,0.65921,0.39937,640,13,1280,632
1753173615366,0.48108,0.39988,0.65959,0.39930,640,13,1280,632
1753173615383,0.48224,0.40040,0.66048,0.39952,640,13,1280,632
1753173615400,0.48192,0.40030,0.66060,0.39933,640,13,1280,632
1753173615416,0.48145,0.40047,0.66072,0.39928,640,13,1280,632
1753173615433,0.48178,0.40056,0.66077,0.39937,640,13,1280,632
1753173615449,0.48154,0.40052,0.66067,0.39924,640,13,1280,632
1753173615466,0.48165,0.40049,0.66078,0.39930,640,13,1280,632
1753173615483,0.48327,0.40071,0.66145,0.40015,640,13,1280,632
1753173615500,0.48262,0.40052,0.66165,0.39966,640,13,1280,632
1753173615517,0.48272,0.40063,0.66183,0.39987,640,13,1280,632
1753173615534,0.48259,0.40082,0.66169,0.39976,640,13,1280,632
1753173615551,0.48273,0.40043,0.66218,0.39966,640,13,1280,632
1753173615568,0.48265,0.40036,0.66213,0.39959,640,13,1280,632
1753173615585,0.48264,0.40033,0.66198,0.39965,640,13,1280,632
1753173615602,0.48296,0.40000,0.66207,0.39945,640,13,1280,632
1753173615619,0.48278,0.40040,0.66210,0.39943,640,13,1280,632
1753173615633,0.48103,0.40033,0.66088,0.39896,640,13,1280,632
1753173615649,0.48194,0.40010,0.66053,0.39936,640,13,1280,632
1753173615665,0.48169,0.40017,0.66050,0.39930,640,13,1280,632
1753173615682,0.48180,0.40011,0.66056,0.39954,640,13,1280,632
1753173615699,0.48198,0.40034,0.66069,0.39917,640,13,1280,632
1753173615716,0.47906,0.40133,0.65972,0.40012,640,13,1280,632
1753173615733,0.48016,0.40127,0.65967,0.39990,640,13,1280,632
1753173615750,0.48026,0.40127,0.65967,0.40018,640,13,1280,632
1753173615766,0.48025,0.40091,0.65950,0.40013,640,13,1280,632
1753173615783,0.48001,0.40085,0.65944,0.40006,640,13,1280,632
1753173615800,0.48010,0.40087,0.65943,0.40008,640,13,1280,632
1753173615817,0.47869,0.40113,0.65883,0.40053,640,13,1280,632
1753173615834,0.47921,0.40097,0.65880,0.40020,640,13,1280,632
1753173615851,0.47941,0.40176,0.65880,0.40037,640,13,1280,632
1753173615864,0.47785,0.40096,0.65813,0.40036,640,13,1280,632
1753173615881,0.47852,0.40118,0.65792,0.40093,640,13,1280,632
1753173615898,0.47855,0.40087,0.65808,0.40062,640,13,1280,632
1753173615914,0.47832,0.40094,0.65825,0.40048,640,13,1280,632
1753173615931,0.47827,0.40110,0.65809,0.40042,640,13,1280,632
1753173615948,0.47620,0.40139,0.65686,0.40009,640,13,1280,632
1753173615966,0.47735,0.40121,0.65683,0.40006,640,13,1280,632
1753173615983,0.47769,0.40172,0.65681,0.39985,640,13,1280,632
1753173616000,0.47736,0.40166,0.65693,0.40017,640,13,1280,632
1753173616017,0.47721,0.40158,0.65690,0.40000,640,13,1280,632
1753173616034,0.47552,0.40134,0.65562,0.40015,640,13,1280,632
1753173616052,0.47640,0.40115,0.65544,0.39970,640,13,1280,632
1753173616068,0.47659,0.40171,0.65524,0.39963,640,13,1280,632
1753173616085,0.47635,0.40127,0.65540,0.39992,640,13,1280,632
1753173616099,0.47528,0.40178,0.65495,0.40050,640,13,1280,632
1753173616117,0.47569,0.40229,0.65452,0.40021,640,13,1280,632
1753173616134,0.47580,0.40249,0.65463,0.40042,640,13,1280,632
1753173616151,0.47559,0.40192,0.65464,0.40036,640,13,1280,632
1753173616167,0.47543,0.40215,0.65479,0.40036,640,13,1280,632
1753173616184,0.47561,0.40205,0.65468,0.40027,640,13,1280,632
1753173616197,0.47456,0.40243,0.65399,0.40116,640,13,1280,632
1753173616215,0.47456,0.40255,0.65407,0.40128,640,13,1280,632
1753173616232,0.47470,0.40252,0.65420,0.40146,640,13,1280,632
1753173616249,0.47460,0.40248,0.65404,0.40143,640,13,1280,632
1753173616266,0.47392,0.40316,0.65349,0.40240,640,13,1280,632
1753173616283,0.47427,0.40352,0.65387,0.40227,640,13,1280,632
1753173616300,0.47441,0.40317,0.65351,0.40243,640,13,1280,632
1753173616317,0.47436,0.40336,0.65375,0.40222,640,13,1280,632
1753173616334,0.47417,0.40323,0.65341,0.40239,640,13,1280,632
1753173616351,0.47408,0.40312,0.65377,0.40227,640,13,1280,632
1753173616368,0.47547,0.40379,0.65404,0.40296,640,13,1280,632
1753173616385,0.47504,0.40371,0.65419,0.40317,640,13,1280,632
1753173616402,0.47476,0.40370,0.65425,0.40306,640,13,1280,632
1753173616419,0.47506,0.40401,0.65421,0.40287,640,13,1280,632
1753173616434,0.47745,0.40428,0.65594,0.40275,640,13,1280,632
1753173616451,0.47637,0.40277,0.65610,0.40317,640,13,1280,632
1753173616468,0.47642,0.40250,0.65631,0.40320,640,13,1280,632
1753173616485,0.47632,0.40268,0.65637,0.40307,640,13,1280,632
1753173616498,0.47851,0.40246,0.65740,0.40256,640,13,1280,632
1753173616516,0.47758,0.40251,0.65738,0.40261,640,13,1280,632
1753173616533,0.47754,0.40231,0.65728,0.40243,640,13,1280,632
1753173616549,0.47766,0.40244,0.65728,0.40223,640,13,1280,632
1753173616567,0.47725,0.40227,0.65727,0.40257,640,13,1280,632
1753173616584,0.47750,0.40235,0.65731,0.40256,640,13,1280,632
1753173616601,0.47952,0.40114,0.65893,0.40185,640,13,1280,632
1753173616618,0.47898,0.40162,0.65872,0.40163,640,13,1280,632
1753173616636,0.47899,0.40135,0.65845,0.40148,640,13,1280,632
1753173616652,0.47905,0.40157,0.65847,0.40118,640,13,1280,632
1753173616669,0.48048,0.40039,0.65949,0.40121,640,13,1280,632
1753173616686,0.47979,0.40031,0.65948,0.40113,640,13,1280,632
1753173616703,0.48001,0.40044,0.65946,0.40126,640,13,1280,632
1753173616720,0.47973,0.40043,0.65948,0.40115,640,13,1280,632
1753173616737,0.47994,0.40052,0.65935,0.40104,640,13,1280,632
1753173616753,0.47997,0.40039,0.65940,0.40091,640,13,1280,632
1753173616770,0.48026,0.40005,0.65963,0.40047,640,13,1280,632
1753173616787,0.48003,0.40022,0.65961,0.40052,640,13,1280,632
1753173616803,0.48005,0.40015,0.65967,0.40066,640,13,1280,632
1753173616820,0.48008,0.40002,0.65950,0.40054,640,13,1280,632
1753173616837,0.48004,0.40038,0.65963,0.40089,640,13,1280,632
1753173616853,0.48002,0.40053,0.65950,0.40074,640,13,1280,632
1753173616870,0.48001,0.40039,0.65947,0.40081,640,13,1280,632
1753173616887,0.48009,0.40046,0.65958,0.40106,640,13,1280,632
1753173617916,0.46742,0.39650,0.64543,0.39500,960,13,1280,632
1753173617935,0.46740,0.39666,0.64522,0.39513,960,13,1280,632
1753173617954,0.46722,0.39697,0.64514,0.39547,960,13,1280,632
1753173617971,0.46702,0.39720,0.64522,0.39528,960,13,1280,632
1753173617988,0.46710,0.39690,0.64526,0.39548,960,13,1280,632
1753173618004,0.46729,0.39696,0.64534,0.39545,960,13,1280,632
1753173618020,0.46689,0.39712,0.64540,0.39549,960,13,1280,632
1753173618037,0.46698,0.39691,0.64520,0.39519,960,13,1280,632
1753173618050,0.46748,0.39753,0.64557,0.39620,960,13,1280,632
1753173618067,0.46739,0.39733,0.64566,0.39613,960,13,1280,632
1753173618083,0.46750,0.39720,0.64549,0.39612,960,13,1280,632
1753173618100,0.46758,0.39728,0.64533,0.39599,960,13,1280,632
1753173618117,0.46782,0.39759,0.64632,0.39711,960,13,1280,632
1753173618133,0.46807,0.39786,0.64607,0.39638,960,13,1280,632
1753173618149,0.46808,0.39785,0.64613,0.39647,960,13,1280,632
1753173618167,0.46821,0.39781,0.64622,0.39634,960,13,1280,632
1753173618183,0.46897,0.39785,0.64745,0.39737,960,13,1280,632
1753173618199,0.46917,0.39825,0.64715,0.39678,960,13,1280,632
1753173618216,0.46890,0.39823,0.64702,0.39714,960,13,1280,632
1753173618232,0.46895,0.39821,0.64734,0.39722,960,13,1280,632
1753173618249,0.46906,0.39817,0.64723,0.39718,960,13,1280,632
1753173618266,0.46900,0.39813,0.64739,0.39713,960,13,1280,632
1753173618283,0.46945,0.39809,0.64784,0.39800,960,13,1280,632
1753173618300,0.46942,0.39832,0.64795,0.39805,960,13,1280,632
1753173618316,0.46950,0.39845,0.64789,0.39779,960,13,1280,632
1753173618333,0.46935,0.39832,0.64802,0.39805,960,13,1280,632
1753173618350,0.47019,0.39810,0.64859,0.39813,960,13,1280,632
1753173618367,0.47018,0.39849,0.64840,0.39812,960,13,1280,632
1753173618383,0.47018,0.39840,0.64849,0.39813,960,13,1280,632
1753173618400,0.47010,0.39869,0.64849,0.39803,960,13,1280,632
1753173618416,0.47028,0.39869,0.64863,0.39821,960,13,1280,632
1753173618433,0.47028,0.39851,0.64842,0.39824,960,13,1280,632
1753173618450,0.47103,0.39778,0.64895,0.39833,960,13,1280,632
1753173618466,0.47081,0.39806,0.64887,0.39782,960,13,1280,632
1753173618483,0.47061,0.39838,0.64863,0.39802,960,13,1280,632
1753173618499,0.47067,0.39820,0.64886,0.39775,960,13,1280,632
1753173618516,0.47167,0.39760,0.64932,0.39814,960,13,1280,632
1753173618534,0.47167,0.39776,0.64960,0.39752,960,13,1280,632
1753173618551,0.47150,0.39759,0.64960,0.39762,960,13,1280,632
1753173618568,0.47157,0.39777,0.64968,0.39771,960,13,1280,632
1753173618584,0.47137,0.39772,0.64973,0.39766,960,13,1280,632
1753173618601,0.47148,0.39762,0.64961,0.39774,960,13,1280,632
1753173618618,0.47218,0.39698,0.65004,0.39731,960,13,1280,632
1753173618634,0.47193,0.39709,0.64982,0.39707,960,13,1280,632
1753173618651,0.47173,0.39709,0.64999,0.39694,960,13,1280,632
1753173618668,0.47190,0.39706,0.64983,0.39700,960,13,1280,632
1753173618684,0.47246,0.39674,0.65057,0.39690,960,13,1280,632
1753173618701,0.47237,0.39690,0.65044,0.39667,960,13,1280,632
1753173618718,0.47272,0.39686,0.65025,0.39680,960,13,1280,632
1753173618735,0.47239,0.39715,0.65041,0.39661,960,13,1280,632
1753173618752,0.47337,0.39666,0.65126,0.39741,960,13,1280,632
1753173618769,0.47314,0.39712,0.65137,0.39710,960,13,1280,632
1753173618785,0.47318,0.39685,0.65136,0.39703,960,13,1280,632
1753173618802,0.47322,0.39720,0.65140,0.39738,960,13,1280,632
1753173618819,0.47321,0.39705,0.65138,0.39733,960,13,1280,632
1753173618835,0.47317,0.39704,0.65136,0.39732,960,13,1280,632
1753173618852,0.47404,0.39677,0.65223,0.39796,960,13,1280,632
1753173618869,0.47415,0.39679,0.65234,0.39740,960,13,1280,632
1753173618885,0.47392,0.39692,0.65232,0.39738,960,13,1280,632
1753173618900,0.47431,0.39699,0.65295,0.39796,960,13,1280,632
1753173618917,0.47440,0.39711,0.65281,0.39790,960,13,1280,632
1753173618933,0.47449,0.39701,0.65277,0.39792,960,13,1280,632
1753173618950,0.47425,0.39686,0.65282,0.39795,960,13,1280,632
1753173618967,0.47458,0.39700,0.65269,0.39791,960,13,1280,632
1753173618984,0.47444,0.39684,0.65279,0.39811,960,13,1280,632
1753173619001,0.47464,0.39726,0.65277,0.39774,960,13,1280,632
1753173619018,0.47503,0.39621,0.65337,0.39769,960,13,1280,632
1753173619034,0.47505,0.39638,0.65314,0.39738,960,13,1280,632
1753173619051,0.47500,0.39630,0.65332,0.39779,960,13,1280,632
1753173619064,0.47521,0.39643,0.65372,0.39792,960,13,1280,632
1753173619084,0.47507,0.39624,0.65368,0.39802,960,13,1280,632
1753173619100,0.47534,0.39630,0.65380,0.39808,960,13,1280,632
1753173619117,0.47512,0.39637,0.65352,0.39794,960,13,1280,632
1753173619134,0.47527,0.39636,0.65371,0.39784,960,13,1280,632
1753173619150,0.47520,0.39633,0.65359,0.39781,960,13,1280,632
1753173619164,0.47534,0.39654,0.65382,0.39823,960,13,1280,632
1753173619184,0.47546,0.39681,0.65379,0.39799,960,13,1280,632
1753173619200,0.47533,0.39654,0.65393,0.39815,960,13,1280,632
1753173619217,0.47528,0.39672,0.65387,0.39811,960,13,1280,632
1753173619233,0.47542,0.39663,0.65385,0.39802,960,13,1280,632
1753173619250,0.47591,0.39668,0.65456,0.39808,960,13,1280,632
1753173619267,0.47586,0.39656,0.65444,0.39847,960,13,1280,632
1753173619283,0.47599,0.39673,0.65439,0.39794,960,13,1280,632
1753173619300,0.47632,0.39651,0.65489,0.39851,960,13,1280,632
1753173619316,0.47621,0.39673,0.65491,0.39846,960,13,1280,632
1753173619334,0.47633,0.39667,0.65497,0.39858,960,13,1280,632
1753173619351,0.47631,0.39681,0.65504,0.39854,960,13,1280,632
1753173619367,0.47627,0.39686,0.65501,0.39859,960,13,1280,632
1753173619383,0.47639,0.39666,0.65494,0.39848,960,13,1280,632
1753173619397,0.47698,0.39691,0.65537,0.39873,960,13,1280,632
1753173619417,0.47674,0.39706,0.65539,0.39858,960,13,1280,632
1753173619434,0.47692,0.39706,0.65538,0.39885,960,13,1280,632
1753173619451,0.47683,0.39710,0.65529,0.39888,960,13,1280,632
1753173619467,0.47807,0.39693,0.65625,0.39932,960,13,1280,632
1753173619484,0.47787,0.39685,0.65637,0.39884,960,13,1280,632
1753173619501,0.47784,0.39680,0.65634,0.39871,960,13,1280,632
1753173619517,0.47793,0.39708,0.65623,0.39898,960,13,1280,632
1753173619534,0.47774,0.39680,0.65629,0.39901,960,13,1280,632
1753173619551,0.47779,0.39687,0.65633,0.39908,960,13,1280,632
1753173619567,0.47874,0.39720,0.65730,0.39881,960,13,1280,632
1753173619584,0.47887,0.39717,0.65738,0.39856,960,13,1280,632
1753173619601,0.47886,0.39693,0.65736,0.39892,960,13,1280,632
1753173619617,0.47888,0.39714,0.65739,0.39874,960,13,1280,632
1753173619634,0.47921,0.39691,0.65727,0.39882,960,13,1280,632
1753173619651,0.47883,0.39705,0.65746,0.39890,960,13,1280,632
1753173619667,0.47905,0.39700,0.65758,0.39894,960,13,1280,632
1753173619683,0.47895,0.39701,0.65765,0.39904,960,13,1280,632
1753173619700,0.47883,0.39689,0.65770,0.39892,960,13,1280,632
1753173619717,0.47906,0.39720,0.65751,0.39893,960,13,1280,632
1753173619734,0.47941,0.39661,0.65788,0.39924,960,13,1280,632
1753173619751,0.47935,0.39677,0.65773,0.39922,960,13,1280,632
1753173619767,0.47927,0.39701,0.65799,0.39928,960,13,1280,632
1753173619783,0.47896,0.39689,0.65778,0.39895,960,13,1280,632
1753173619801,0.47993,0.39656,0.65819,0.39931,960,13,1280,632
1753173619817,0.47976,0.39654,0.65807,0.39902,960,13,1280,632
1753173619834,0.47951,0.39683,0.65814,0.39893,960,13,1280,632
1753173619851,0.47974,0.39711,0.65803,0.39908,960,13,1280,632
1753173619868,0.47966,0.39667,0.65802,0.39916,960,13,1280,632
1753173619885,0.47959,0.39661,0.65827,0.39910,960,13,1280,632
1753173619903,0.47971,0.39637,0.65828,0.39886,960,13,1280,632
1753173619919,0.47984,0.39638,0.65819,0.39869,960,13,1280,632
1753173619935,0.47968,0.39628,0.65801,0.39858,960,13,1280,632
1753173619951,0.47986,0.39625,0.65818,0.39874,960,13,1280,632
1753173619968,0.48013,0.39585,0.65810,0.39863,960,13,1280,632
1753173619984,0.48009,0.39576,0.65808,0.39824,960,13,1280,632
1753173620001,0.47993,0.39589,0.65819,0.39846,960,13,1280,632
1753173620017,0.47993,0.39585,0.65799,0.39833,960,13,1280,632
1753173620034,0.48049,0.39551,0.65817,0.39837,960,13,1280,632
1753173620051,0.48018,0.39560,0.65805,0.39838,960,13,1280,632
1753173620067,0.48016,0.39553,0.65825,0.39840,960,13,1280,632
1753173620085,0.48033,0.39560,0.65822,0.39847,960,13,1280,632
1753173620101,0.48031,0.39557,0.65827,0.39844,960,13,1280,632
1753173620117,0.48036,0.39559,0.65814,0.39845,960,13,1280,632
1753173620134,0.48109,0.39566,0.65868,0.39852,960,13,1280,632
1753173620151,0.48087,0.39560,0.65880,0.39838,960,13,1280,632
1753173620167,0.48077,0.39596,0.65882,0.39813,960,13,1280,632
1753173620184,0.48091,0.39579,0.65873,0.39856,960,13,1280,632
1753173620201,0.48112,0.39567,0.65879,0.39836,960,13,1280,632
1753173620217,0.48115,0.39571,0.65882,0.39800,960,13,1280,632
1753173620234,0.48092,0.39555,0.65859,0.39785,960,13,1280,632
1753173620251,0.48111,0.39563,0.65885,0.39801,960,13,1280,632
1753173620267,0.48076,0.39568,0.65858,0.39797,960,13,1280,632
1753173620285,0.48086,0.39558,0.65893,0.39828,960,13,1280,632
1753173620302,0.48031,0.39557,0.65821,0.39766,960,13,1280,632
1753173620318,0.48044,0.39585,0.65846,0.39815,960,13,1280,632
1753173620335,0.48046,0.39559,0.65834,0.39837,960,13,1280,632
1753173620351,0.48056,0.39579,0.65851,0.39817,960,13,1280,632
1753173620368,0.47927,0.39577,0.65729,0.39726,960,13,1280,632
1753173620385,0.47940,0.39587,0.65739,0.39754,960,13,1280,632
1753173620402,0.47941,0.39556,0.65727,0.39804,960,13,1280,632
1753173620418,0.47945,0.39564,0.65729,0.39802,960,13,1280,632
1753173620435,0.47933,0.39579,0.65726,0.39779,960,13,1280,632
1753173620453,0.47943,0.39566,0.65718,0.39774,960,13,1280,632
1753173620469,0.47852,0.39607,0.65637,0.39725,960,13,1280,632
1753173620485,0.47900,0.39624,0.65649,0.39778,960,13,1280,632
1753173620502,0.47880,0.39642,0.65653,0.39778,960,13,1280,632
1753173620519,0.47740,0.39622,0.65513,0.39759,960,13,1280,632
1753173620536,0.47758,0.39633,0.65502,0.39796,960,13,1280,632
1753173620552,0.47731,0.39640,0.65511,0.39795,960,13,1280,632
1753173620569,0.47765,0.39637,0.65511,0.39800,960,13,1280,632
1753173620586,0.47721,0.39622,0.65527,0.39807,960,13,1280,632
1753173620603,0.47602,0.39646,0.65385,0.39719,960,13,1280,632
1753173620619,0.47612,0.39687,0.65386,0.39787,960,13,1280,632
1753173620636,0.47617,0.39657,0.65400,0.39770,960,13,1280,632
1753173620652,0.47625,0.39670,0.65376,0.39800,960,13,1280,632
1753173620669,0.47615,0.39656,0.65405,0.39769,960,13,1280,632
1753173620686,0.47481,0.39650,0.65264,0.39720,960,13,1280,632
1753173620703,0.47484,0.39684,0.65318,0.39733,960,13,1280,632
1753173620719,0.47474,0.39659,0.65304,0.39757,960,13,1280,632
1753173620736,0.47472,0.39689,0.65306,0.39747,960,13,1280,632
1753173620753,0.47479,0.39665,0.65304,0.39753,960,13,1280,632
1753173620769,0.47410,0.39685,0.65219,0.39713,960,13,1280,632
1753173620786,0.47415,0.39690,0.65223,0.39776,960,13,1280,632
1753173620803,0.47406,0.39646,0.65223,0.39755,960,13,1280,632
1753173620819,0.47431,0.39676,0.65220,0.39752,960,13,1280,632
1753173620837,0.47413,0.39673,0.65211,0.39753,960,13,1280,632
1753173620853,0.47387,0.39723,0.65180,0.39760,960,13,1280,632
1753173620873,0.47398,0.39713,0.65173,0.39759,960,13,1280,632
1753173620889,0.47398,0.39701,0.65182,0.39769,960,13,1280,632
1753173620906,0.47379,0.39700,0.65193,0.39777,960,13,1280,632
1753173620919,0.47311,0.39721,0.65146,0.39759,960,13,1280,632
1753173621952,0.44600,0.40081,0.62283,0.40115,1254,13,1280,632
1753173621968,0.44611,0.40084,0.62284,0.40097,1254,13,1280,632
1753173621986,0.44385,0.40101,0.62143,0.40184,1254,13,1280,632
1753173622002,0.44438,0.40098,0.62153,0.40310,1254,13,1280,632
1753173622019,0.44434,0.40130,0.62107,0.40190,1254,13,1280,632
1753173622036,0.44433,0.40108,0.62137,0.40290,1254,13,1280,632
1753173622052,0.44269,0.40119,0.62038,0.40223,1254,13,1280,632
1753173622070,0.44282,0.40100,0.62019,0.40212,1254,13,1280,632
1753173622086,0.44281,0.40110,0.62015,0.40213,1254,13,1280,632
1753173622102,0.44325,0.40112,0.62023,0.40233,1254,13,1280,632
1753173622120,0.44304,0.40109,0.62005,0.40213,1254,13,1280,632
1753173622133,0.44260,0.40168,0.61965,0.40220,1254,13,1280,632
1753173622153,0.44246,0.40137,0.61975,0.40204,1254,13,1280,632
1753173622170,0.44274,0.40137,0.61962,0.40206,1254,13,1280,632
1753173622187,0.44268,0.40168,0.61984,0.40186,1254,13,1280,632
1753173622204,0.44257,0.40154,0.61973,0.40193,1254,13,1280,632
1753173622221,0.44270,0.40152,0.61919,0.40221,1254,13,1280,632
1753173622238,0.44260,0.40157,0.61914,0.40256,1254,13,1280,632
1753173622254,0.44276,0.40151,0.61935,0.40263,1254,13,1280,632
1753173622271,0.44230,0.40193,0.61939,0.40233,1254,13,1280,632
1753173622288,0.44277,0.40157,0.61895,0.40326,1254,13,1280,632
1753173622304,0.44265,0.40202,0.61895,0.40314,1254,13,1280,632
1753173622320,0.44277,0.40200,0.61907,0.40312,1254,13,1280,632
1753173622337,0.44278,0.40198,0.61909,0.40309,1254,13,1280,632
1753173622354,0.44279,0.40195,0.61910,0.40307,1254,13,1280,632
1753173622368,0.44279,0.40223,0.61957,0.40335,1254,13,1280,632
1753173622386,0.44279,0.40191,0.61978,0.40324,1254,13,1280,632
1753173622403,0.44273,0.40176,0.61973,0.40315,1254,13,1280,632
1753173622419,0.44266,0.40168,0.61980,0.40319,1254,13,1280,632
1753173622437,0.44384,0.40244,0.62073,0.40304,1254,13,1280,632
1753173622453,0.44354,0.40201,0.62062,0.40310,1254,13,1280,632
1753173622470,0.44373,0.40201,0.62094,0.40332,1254,13,1280,632
1753173622487,0.44365,0.40192,0.62075,0.40323,1254,13,1280,632
1753173622503,0.44376,0.40199,0.62082,0.40329,1254,13,1280,632
1753173622521,0.44362,0.40196,0.62068,0.40327,1254,13,1280,632
1753173622536,0.44508,0.40260,0.62163,0.40369,1254,13,1280,632
1753173622553,0.44491,0.40201,0.62200,0.40404,1254,13,1280,632
1753173622569,0.44482,0.40214,0.62190,0.40366,1254,13,1280,632
1753173622587,0.44508,0.40181,0.62214,0.40415,1254,13,1280,632
1753173622605,0.44619,0.40401,0.62350,0.40411,1254,13,1280,632
1753173622621,0.44636,0.40328,0.62358,0.40480,1254,13,1280,632
1753173622637,0.44630,0.40352,0.62346,0.40395,1254,13,1280,632
1753173622654,0.44616,0.40291,0.62352,0.40452,1254,13,1280,632
1753173622671,0.44640,0.40322,0.62342,0.40416,1254,13,1280,632
1753173622687,0.44615,0.40345,0.62345,0.40466,1254,13,1280,632
1753173622704,0.44689,0.40520,0.62464,0.40594,1254,13,1280,632
1753173622721,0.44739,0.40483,0.62437,0.40613,1254,13,1280,632
1753173622738,0.44709,0.40499,0.62453,0.40594,1254,13,1280,632
1753173622754,0.44726,0.40472,0.62446,0.40615,1254,13,1280,632
1753173622771,0.44677,0.40569,0.62488,0.40643,1254,13,1280,632
1753173622787,0.44747,0.40546,0.62484,0.40771,1254,13,1280,632
1753173622804,0.44706,0.40586,0.62484,0.40642,1254,13,1280,632
1753173622822,0.44727,0.40547,0.62482,0.40773,1254,13,1280,632
1753173622838,0.44662,0.40583,0.62461,0.40578,1254,13,1280,632
1753173622854,0.44708,0.40584,0.62434,0.40719,1254,13,1280,632
1753173622871,0.44676,0.40563,0.62472,0.40628,1254,13,1280,632
1753173622887,0.44708,0.40613,0.62432,0.40716,1254,13,1280,632
1753173622903,0.44693,0.40566,0.62483,0.40623,1254,13,1280,632
1753173622921,0.44715,0.40588,0.62416,0.40700,1254,13,1280,632
1753173622939,0.44651,0.40590,0.62465,0.40616,1254,13,1280,632
1753173622956,0.44714,0.40651,0.62405,0.40670,1254,13,1280,632
1753173622973,0.44656,0.40590,0.62445,0.40617,1254,13,1280,632
1753173622991,0.44687,0.40630,0.62426,0.40671,1254,13,1280,632
1753173623008,0.44641,0.40556,0.62425,0.40652,1254,13,1280,632
1753173623024,0.44704,0.40600,0.62372,0.40671,1254,13,1280,632
1753173623049,0.44616,0.40570,0.62412,0.40646,1254,13,1280,632
1753173623069,0.44672,0.40587,0.62393,0.40671,1254,13,1280,632
1753173623088,0.44619,0.40564,0.62421,0.40649,1254,13,1280,632
1753173623105,0.44697,0.40525,0.62388,0.40659,1254,13,1280,632
1753173623120,0.44636,0.40531,0.62408,0.40563,1254,13,1280,632
1753173623138,0.44658,0.40513,0.62397,0.40615,1254,13,1280,632
1753173623158,0.44642,0.40548,0.62398,0.40601,1254,13,1280,632
1753173623176,0.44756,0.40392,0.62387,0.40514,1254,13,1280,632
1753173623191,0.44698,0.40402,0.62418,0.40495,1254,13,1280,632
1753173623209,0.44743,0.40422,0.62401,0.40492,1254,13,1280,632
1753173623225,0.44678,0.40435,0.62419,0.40489,1254,13,1280,632
1753173623242,0.44724,0.40401,0.62408,0.40524,1254,13,1280,632
1753173623256,0.44833,0.40302,0.62463,0.40446,1254,13,1280,632
1753173623273,0.44772,0.40335,0.62487,0.40388,1254,13,1280,632
1753173623290,0.44801,0.40289,0.62472,0.40412,1254,13,1280,632
1753173623306,0.44763,0.40318,0.62477,0.40393,1254,13,1280,632
1753173623322,0.44793,0.40303,0.62487,0.40417,1254,13,1280,632
1753173623339,0.44865,0.40173,0.62503,0.40257,1254,13,1280,632
1753173623355,0.44838,0.40191,0.62527,0.40253,1254,13,1280,632
1753173623375,0.44860,0.40185,0.62525,0.40287,1254,13,1280,632
1753173623388,0.44879,0.40172,0.62571,0.40225,1254,13,1280,632
1753173623405,0.44887,0.40155,0.62565,0.40196,1254,13,1280,632
1753173623422,0.44853,0.40144,0.62562,0.40176,1254,13,1280,632
1753173623439,0.44859,0.40132,0.62555,0.40173,1254,13,1280,632
1753173623456,0.44865,0.40143,0.62553,0.40218,1254,13,1280,632
1753173623473,0.44872,0.40136,0.62542,0.40198,1254,13,1280,632
1753173623490,0.44849,0.40127,0.62557,0.40212,1254,13,1280,632
1753173623507,0.44841,0.40150,0.62532,0.40191,1254,13,1280,632
1753173623523,0.44824,0.40109,0.62523,0.40171,1254,13,1280,632
1753173623539,0.44827,0.40124,0.62529,0.40165,1254,13,1280,632
1753173623553,0.44829,0.40134,0.62538,0.40197,1254,13,1280,632
1753173623572,0.44835,0.40131,0.62524,0.40227,1254,13,1280,632
1753173623591,0.44826,0.40139,0.62526,0.40214,1254,13,1280,632
1753173623608,0.44831,0.40118,0.62525,0.40245,1254,13,1280,632
1753173623624,0.44832,0.40140,0.62539,0.40206,1254,13,1280,632
1753173623640,0.44836,0.40128,0.62533,0.40246,1254,13,1280,632
1753173623654,0.44826,0.40146,0.62552,0.40243,1254,13,1280,632
1753173623670,0.44836,0.40159,0.62559,0.40216,1254,13,1280,632
1753173623687,0.44850,0.40158,0.62565,0.40224,1254,13,1280,632
1753173623705,0.44850,0.40164,0.62545,0.40239,1254,13,1280,632
1753173623722,0.44836,0.40169,0.62559,0.40215,1254,13,1280,632
1753173623739,0.44900,0.40262,0.62591,0.40307,1254,13,1280,632
1753173623756,0.44924,0.40245,0.62581,0.40290,1254,13,1280,632
1753173623772,0.44928,0.40275,0.62554,0.40298,1254,13,1280,632
1753173623788,0.44922,0.40264,0.62576,0.40287,1254,13,1280,632
1753173623804,0.44900,0.40280,0.62577,0.40295,1254,13,1280,632
1753173623818,0.44933,0.40309,0.62610,0.40324,1254,13,1280,632
1753173623837,0.44941,0.40315,0.62579,0.40329,1254,13,1280,632
1753173623854,0.44942,0.40307,0.62611,0.40300,1254,13,1280,632
1753173623871,0.44940,0.40303,0.62605,0.40317,1254,13,1280,632
1753173623888,0.44945,0.40301,0.62587,0.40285,1254,13,1280,632
1753173623905,0.44970,0.40325,0.62615,0.40279,1254,13,1280,632
1753173623922,0.44987,0.40306,0.62604,0.40311,1254,13,1280,632
1753173623938,0.44983,0.40329,0.62600,0.40322,1254,13,1280,632
1753173623955,0.44938,0.40275,0.62606,0.40268,1254,13,1280,632
1753173623972,0.44964,0.40263,0.62583,0.40286,1254,13,1280,632
1753173623989,0.44946,0.40265,0.62595,0.40288,1254,13,1280,632
1753173624006,0.44958,0.40279,0.62598,0.40311,1254,13,1280,632
1753173624022,0.44964,0.40278,0.62604,0.40311,1254,13,1280,632
1753173624039,0.44959,0.40260,0.62599,0.40301,1254,13,1280,632
1753173624055,0.44871,0.40247,0.62534,0.40249,1254,13,1280,632
1753173624072,0.44866,0.40259,0.62529,0.40270,1254,13,1280,632
1753173624088,0.44880,0.40246,0.62544,0.40248,1254,13,1280,632
1753173624105,0.44882,0.40251,0.62541,0.40231,1254,13,1280,632
1753173624122,0.44827,0.40275,0.62468,0.40247,1254,13,1280,632
1753173624137,0.44849,0.40284,0.62498,0.40253,1254,13,1280,632
1753173624154,0.44834,0.40292,0.62473,0.40273,1254,13,1280,632
1753173624170,0.44851,0.40295,0.62499,0.40275,1254,13,1280,632
1753173624187,0.44833,0.40287,0.62476,0.40268,1254,13,1280,632
1753173624204,0.44829,0.40294,0.62501,0.40245,1254,13,1280,632
1753173624221,0.44767,0.40269,0.62410,0.40228,1254,13,1280,632
1753173624238,0.44751,0.40280,0.62406,0.40231,1254,13,1280,632
1753173624254,0.44750,0.40274,0.62392,0.40203,1254,13,1280,632
1753173624271,0.44764,0.40295,0.62381,0.40227,1254,13,1280,632
1753173624288,0.44722,0.40252,0.62348,0.40212,1254,13,1280,632
1753173624305,0.44719,0.40263,0.62340,0.40214,1254,13,1280,632
1753173624322,0.44712,0.40262,0.62335,0.40222,1254,13,1280,632
1753173624338,0.44737,0.40274,0.62332,0.40193,1254,13,1280,632
1753173624355,0.44733,0.40281,0.62357,0.40201,1254,13,1280,632
1753173624372,0.44722,0.40256,0.62363,0.40215,1254,13,1280,632
1753173624389,0.44687,0.40330,0.62308,0.40280,1254,13,1280,632
1753173624404,0.44716,0.40334,0.62311,0.40272,1254,13,1280,632
1753173624420,0.44716,0.40321,0.62326,0.40299,1254,13,1280,632
1753173624438,0.44718,0.40328,0.62303,0.40266,1254,13,1280,632
1753173624454,0.44675,0.40361,0.62358,0.40239,1254,13,1280,632
1753173624471,0.44684,0.40345,0.62358,0.40232,1254,13,1280,632
1753173624488,0.44698,0.40345,0.62350,0.40232,1254,13,1280,632
1753173624506,0.44695,0.40345,0.62347,0.40263,1254,13,1280,632
1753173624522,0.44720,0.40413,0.62352,0.40310,1254,13,1280,632
1753173624539,0.44721,0.40431,0.62347,0.40330,1254,13,1280,632
1753173624555,0.44718,0.40411,0.62355,0.40319,1254,13,1280,632
1753173624573,0.44722,0.40395,0.62349,0.40312,1254,13,1280,632
1753173624589,0.44712,0.40425,0.62374,0.40324,1254,13,1280,632
1753173624605,0.44731,0.40408,0.62371,0.40316,1254,13,1280,632
1753173624622,0.44740,0.40471,0.62370,0.40379,1254,13,1280,632
1753173624639,0.44736,0.40432,0.62399,0.40389,1254,13,1280,632
1753173624655,0.44735,0.40453,0.62388,0.40370,1254,13,1280,632
1753173624672,0.44735,0.40444,0.62392,0.40361,1254,13,1280,632
1753173624688,0.44760,0.40505,0.62372,0.40392,1254,13,1280,632
1753173624704,0.44734,0.40505,0.62369,0.40392,1254,13,1280,632
1753173624721,0.44748,0.40505,0.62384,0.40392,1254,13,1280,632
1753173624737,0.44757,0.40475,0.62392,0.40393,1254,13,1280,632
1753173624755,0.44732,0.40488,0.62367,0.40384,1254,13,1280,632
1753173624772,0.44750,0.40492,0.62381,0.40390,1254,13,1280,632
1753173624788,0.44783,0.40453,0.62444,0.40289,1254,13,1280,632
1753173624805,0.44770,0.40481,0.62432,0.40307,1254,13,1280,632
1753173624822,0.44785,0.40463,0.62447,0.40298,1254,13,1280,632
1753173624838,0.44766,0.40477,0.62431,0.40303,1254,13,1280,632
1753173624855,0.44769,0.40447,0.62456,0.40394,1254,13,1280,632
1753173624872,0.44750,0.40463,0.62424,0.40371,1254,13,1280,632
1753173624888,0.44780,0.40455,0.62428,0.40402,1254,13,1280,632
1753173624905,0.44759,0.40451,0.62431,0.40368,1254,13,1280,632
1753173624922,0.44750,0.40451,0.62423,0.40398,1254,13,1280,632
1753173624939,0.44773,0.40454,0.62430,0.40371,1254,13,1280,632
1753173624956,0.44728,0.40517,0.62422,0.40404,1254,13,1280,632
1753173625986,0.48269,0.40976,0.65871,0.40899,26,158,1280,632
1753173626005,0.48303,0.40968,0.65840,0.40849,26,158,1280,632
1753173626022,0.48309,0.40981,0.65847,0.40853,26,158,1280,632
1753173626040,0.48268,0.40979,0.65869,0.40881,26,158,1280,632
1753173626074,0.48265,0.40949,0.65829,0.40842,26,158,1280,632
1753173626091,0.48277,0.40945,0.65799,0.40839,26,158,1280,632
1753173626108,0.48279,0.40926,0.65834,0.40828,26,158,1280,632
1753173626125,0.48265,0.40948,0.65860,0.40858,26,158,1280,632
1753173626187,0.48254,0.40886,0.65797,0.40727,26,158,1280,632
1753173626207,0.48192,0.40861,0.65688,0.40643,26,158,1280,632
1753173626237,0.48189,0.40837,0.65727,0.40697,26,158,1280,632
1753173626256,0.48185,0.40833,0.65723,0.40684,26,158,1280,632
1753173626273,0.48216,0.40850,0.65712,0.40661,26,158,1280,632
1753173626303,0.48125,0.40869,0.65602,0.40730,26,158,1280,632
1753173626323,0.48123,0.40843,0.65646,0.40715,26,158,1280,632
1753173626339,0.48112,0.40842,0.65647,0.40705,26,158,1280,632
1753173626356,0.48139,0.40854,0.65636,0.40727,26,158,1280,632
1753173626373,0.48059,0.40884,0.65526,0.40696,26,158,1280,632
1753173626390,0.48074,0.40844,0.65564,0.40717,26,158,1280,632
1753173626407,0.48016,0.40883,0.65590,0.40672,26,158,1280,632
1753173626423,0.48036,0.40858,0.65557,0.40696,26,158,1280,632
1753173626441,0.48024,0.40862,0.65568,0.40700,26,158,1280,632
1753173626458,0.48025,0.40876,0.65586,0.40683,26,158,1280,632
1753173626474,0.48018,0.40901,0.65423,0.40742,26,158,1280,632
1753173626490,0.48027,0.40910,0.65483,0.40744,26,158,1280,632
1753173626507,0.47990,0.40921,0.65451,0.40734,26,158,1280,632
1753173626523,0.48020,0.40902,0.65454,0.40746,26,158,1280,632
1753173626541,0.48005,0.40940,0.65409,0.40745,26,158,1280,632
1753173626558,0.47998,0.40958,0.65413,0.40742,26,158,1280,632
1753173626574,0.48012,0.40944,0.65399,0.40759,26,158,1280,632
1753173626591,0.47980,0.40955,0.65418,0.40729,26,158,1280,632
1753173626607,0.48007,0.40940,0.65398,0.40755,26,158,1280,632
1753173626624,0.48012,0.40967,0.65433,0.40711,26,158,1280,632
1753173626640,0.47966,0.40933,0.65444,0.40694,26,158,1280,632
1753173626657,0.47965,0.40950,0.65441,0.40689,26,158,1280,632
1753173626674,0.47961,0.40927,0.65436,0.40697,26,158,1280,632
1753173626690,0.47962,0.40955,0.65440,0.40695,26,158,1280,632
1753173626707,0.47981,0.40931,0.65438,0.40680,26,158,1280,632
1753173626723,0.47985,0.40897,0.65429,0.40668,26,158,1280,632
1753173626740,0.47980,0.40920,0.65417,0.40682,26,158,1280,632
1753173626757,0.47987,0.40879,0.65345,0.40633,26,158,1280,632
1753173626774,0.48009,0.40935,0.65406,0.40698,26,158,1280,632
1753173626791,0.47971,0.40937,0.65387,0.40648,26,158,1280,632
1753173626807,0.47984,0.40916,0.65389,0.40667,26,158,1280,632
1753173626837,0.47979,0.40920,0.65400,0.40679,26,158,1280,632
1753173626856,0.47947,0.40897,0.65372,0.40635,26,158,1280,632
1753173626873,0.47955,0.40857,0.65367,0.40628,26,158,1280,632
1753173626889,0.47942,0.40878,0.65342,0.40598,26,158,1280,632
1753173626906,0.47978,0.40855,0.65361,0.40657,26,158,1280,632
1753173626923,0.47953,0.40895,0.65379,0.40605,26,158,1280,632
1753173626941,0.47886,0.40819,0.65319,0.40599,26,158,1280,632
1753173626971,0.47895,0.40883,0.65307,0.40642,26,158,1280,632
1753173626990,0.47902,0.40898,0.65306,0.40648,26,158,1280,632
1753173627007,0.47876,0.40889,0.65310,0.40639,26,158,1280,632
1753173627021,0.47862,0.40795,0.65200,0.40647,26,158,1280,632
1753173627041,0.47883,0.40818,0.65198,0.40634,26,158,1280,632
1753173627058,0.47868,0.40802,0.65171,0.40587,26,158,1280,632
1753173627075,0.47868,0.40797,0.65208,0.40643,26,158,1280,632
1753173627092,0.47811,0.40854,0.65141,0.40539,26,158,1280,632
1753173627108,0.47829,0.40849,0.65217,0.40612,26,158,1280,632
1753173627125,0.47799,0.40884,0.65221,0.40607,26,158,1280,632
1753173627141,0.47827,0.40847,0.65216,0.40601,26,158,1280,632
1753173627158,0.47818,0.40866,0.65228,0.40629,26,158,1280,632
1753173627175,0.47826,0.40859,0.65215,0.40612,26,158,1280,632
1753173627192,0.47792,0.40891,0.65160,0.40584,26,158,1280,632
1753173627209,0.47756,0.40860,0.65117,0.40532,26,158,1280,632
1753173627225,0.47773,0.40868,0.65146,0.40549,26,158,1280,632
1753173627241,0.47769,0.40915,0.65160,0.40556,26,158,1280,632
1753173627258,0.47781,0.40866,0.65120,0.40629,26,158,1280,632
1753173627274,0.47760,0.40914,0.65158,0.40616,26,158,1280,632
1753173627291,0.47791,0.40896,0.65144,0.40621,26,158,1280,632
1753173627309,0.47780,0.40876,0.65136,0.40640,26,158,1280,632
1753173627325,0.47798,0.40906,0.65188,0.40660,26,158,1280,632
1753173627341,0.47826,0.40891,0.65162,0.40698,26,158,1280,632
1753173627358,0.47786,0.40875,0.65173,0.40641,26,158,1280,632
1753173627375,0.47813,0.40872,0.65154,0.40669,26,158,1280,632
1753173627391,0.47790,0.40907,0.65161,0.40652,26,158,1280,632
1753173627409,0.47823,0.40882,0.65166,0.40688,26,158,1280,632
1753173627425,0.47856,0.40978,0.65271,0.40662,26,158,1280,632
1753173627441,0.47865,0.40959,0.65266,0.40691,26,158,1280,632
1753173627457,0.47847,0.40992,0.65308,0.40693,26,158,1280,632
1753173627474,0.47868,0.40962,0.65286,0.40694,26,158,1280,632
1753173627491,0.47856,0.40963,0.65298,0.40694,26,158,1280,632
1753173627507,0.47866,0.40969,0.65298,0.40740,26,158,1280,632
1753173627523,0.47865,0.40954,0.65294,0.40686,26,158,1280,632
1753173627540,0.47871,0.40970,0.65286,0.40711,26,158,1280,632
1753173627573,0.47873,0.40991,0.65297,0.40732,26,158,1280,632
1753173627594,0.47855,0.40950,0.65250,0.40722,26,158,1280,632
1753173627624,0.47846,0.40966,0.65252,0.40707,26,158,1280,632
1753173627655,0.47809,0.40959,0.65175,0.40680,26,158,1280,632
1753173627688,0.47765,0.40977,0.65190,0.40705,26,158,1280,632
1753173627708,0.47745,0.40952,0.65243,0.40718,26,158,1280,632
1753173627724,0.47762,0.40972,0.65236,0.40720,26,158,1280,632
1753173627740,0.47755,0.40974,0.65188,0.40702,26,158,1280,632
1753173627757,0.47730,0.40920,0.65139,0.40680,26,158,1280,632
1753173627774,0.47711,0.40950,0.65209,0.40668,26,158,1280,632
1753173627821,0.47669,0.40894,0.65125,0.40612,26,158,1280,632
1753173627921,0.47659,0.40856,0.65155,0.40592,26,158,1280,632
1753173627971,0.47600,0.40821,0.65164,0.40616,26,158,1280,632
1753173628005,0.47659,0.40780,0.65199,0.40537,26,158,1280,632
1753173628024,0.47651,0.40756,0.65214,0.40573,26,158,1280,632
1753173628042,0.47671,0.40783,0.65190,0.40540,26,158,1280,632
1753173628059,0.47680,0.40728,0.65243,0.40453,26,158,1280,632
1753173628076,0.47711,0.40739,0.65220,0.40484,26,158,1280,632
1753173628093,0.47692,0.40713,0.65227,0.40436,26,158,1280,632
1753173628123,0.47684,0.40697,0.65206,0.40459,26,158,1280,632
1753173628141,0.47696,0.40703,0.65207,0.40436,26,158,1280,632
1753173628254,0.47759,0.40686,0.65198,0.40445,26,158,1280,632
1753173628290,0.47748,0.40690,0.65185,0.40440,26,158,1280,632
1753173628306,0.47760,0.40687,0.65199,0.40437,26,158,1280,632
1753173628338,0.47727,0.40690,0.65201,0.40470,26,158,1280,632
1753173628372,0.47722,0.40692,0.65225,0.40480,26,158,1280,632
1753173628454,0.47748,0.40718,0.65159,0.40541,26,158,1280,632
1753173628521,0.47664,0.40698,0.65211,0.40515,26,158,1280,632
1753173628557,0.47655,0.40767,0.65186,0.40524,26,158,1280,632
1753173628575,0.47674,0.40780,0.65164,0.40529,26,158,1280,632
1753173628592,0.47673,0.40769,0.65166,0.40539,26,158,1280,632
1753173628623,0.47654,0.40775,0.65139,0.40575,26,158,1280,632
1753173628656,0.47664,0.40770,0.65151,0.40561,26,158,1280,632
1753173628674,0.47687,0.40774,0.65113,0.40567,26,158,1280,632
1753173628691,0.47659,0.40775,0.65118,0.40558,26,158,1280,632
1753173628722,0.47652,0.40814,0.65109,0.40628,26,158,1280,632
1753173628742,0.47701,0.40828,0.65074,0.40622,26,158,1280,632
1753173628772,0.47660,0.40833,0.64987,0.40598,26,158,1280,632
1753173628790,0.47532,0.40815,0.65076,0.40588,26,158,1280,632
1753173628823,0.47572,0.40843,0.65029,0.40636,26,158,1280,632
1753173628841,0.47631,0.40857,0.65023,0.40621,26,158,1280,632
1753173628858,0.47598,0.40839,0.65020,0.40623,26,158,1280,632
1753173628876,0.47590,0.40878,0.64918,0.40634,26,158,1280,632
1753173628893,0.47542,0.40881,0.64970,0.40626,26,158,1280,632
1753173628909,0.47534,0.40893,0.64978,0.40635,26,158,1280,632
1753173628925,0.47543,0.40893,0.64984,0.40625,26,158,1280,632
1753173628942,0.47526,0.40931,0.64854,0.40614,26,158,1280,632
1753173628959,0.47419,0.40917,0.64880,0.40618,26,158,1280,632
1753173628975,0.47478,0.40935,0.64875,0.40617,26,158,1280,632
1753173628992,0.47441,0.40938,0.64876,0.40619,26,158,1280,632
1753173630007,0.46672,0.40730,0.64296,0.40637,320,158,1280,632
1753173630040,0.46675,0.40734,0.64307,0.40631,320,158,1280,632
1753173630060,0.46667,0.40701,0.64299,0.40639,320,158,1280,632
1753173630090,0.46645,0.40694,0.64313,0.40652,320,158,1280,632
1753173630139,0.46671,0.40703,0.64301,0.40671,320,158,1280,632
1753173630160,0.46699,0.40725,0.64330,0.40623,320,158,1280,632
1753173630176,0.46700,0.40709,0.64314,0.40656,320,158,1280,632
1753173630193,0.46702,0.40730,0.64322,0.40646,320,158,1280,632
1753173630210,0.46694,0.40699,0.64317,0.40647,320,158,1280,632
1753173630227,0.46703,0.40751,0.64327,0.40659,320,158,1280,632
1753173630273,0.46711,0.40716,0.64354,0.40623,320,158,1280,632
1753173630292,0.46688,0.40769,0.64360,0.40676,320,158,1280,632
1753173630309,0.46698,0.40758,0.64359,0.40655,320,158,1280,632
1753173630325,0.46688,0.40738,0.64374,0.40644,320,158,1280,632
1753173630342,0.46702,0.40757,0.64340,0.40673,320,158,1280,632
1753173630360,0.46705,0.40755,0.64356,0.40662,320,158,1280,632
1753173630376,0.46696,0.40735,0.64363,0.40632,320,158,1280,632
1753173630423,0.46659,0.40775,0.64295,0.40682,320,158,1280,632
1753173630442,0.46663,0.40805,0.64281,0.40661,320,158,1280,632
1753173630460,0.46621,0.40760,0.64239,0.40655,320,158,1280,632
1753173630477,0.46642,0.40776,0.64231,0.40642,320,158,1280,632
1753173630495,0.46626,0.40785,0.64249,0.40658,320,158,1280,632
1753173630511,0.46636,0.40771,0.64230,0.40663,320,158,1280,632
1753173630528,0.46632,0.40767,0.64231,0.40671,320,158,1280,632
1753173630545,0.46630,0.40772,0.64232,0.40655,320,158,1280,632
1753173630561,0.46609,0.40765,0.64235,0.40638,320,158,1280,632
1753173630578,0.46603,0.40804,0.64221,0.40657,320,158,1280,632
1753173630595,0.46623,0.40786,0.64228,0.40639,320,158,1280,632
1753173630611,0.46610,0.40797,0.64222,0.40649,320,158,1280,632
1753173630628,0.46631,0.40800,0.64252,0.40643,320,158,1280,632
1753173630646,0.46632,0.40787,0.64260,0.40631,320,158,1280,632
1753173630662,0.46622,0.40773,0.64245,0.40647,320,158,1280,632
1753173630678,0.46633,0.40781,0.64244,0.40625,320,158,1280,632
1753173630696,0.46626,0.40808,0.64249,0.40651,320,158,1280,632
1753173630712,0.46630,0.40786,0.64246,0.40639,320,158,1280,632
1753173630728,0.46627,0.40777,0.64250,0.40673,320,158,1280,632
1753173630745,0.46633,0.40779,0.64256,0.40675,320,158,1280,632
1753173630761,0.46637,0.40793,0.64265,0.40679,320,158,1280,632
1753173630778,0.46640,0.40774,0.64246,0.40709,320,158,1280,632
1753173630795,0.46627,0.40775,0.64233,0.40610,320,158,1280,632
1753173630811,0.46614,0.40767,0.64234,0.40641,320,158,1280,632
1753173630827,0.46626,0.40768,0.64234,0.40621,320,158,1280,632
1753173630843,0.46623,0.40768,0.64238,0.40642,320,158,1280,632
1753173630860,0.46623,0.40777,0.64225,0.40590,320,158,1280,632
1753173630877,0.46626,0.40744,0.64228,0.40610,320,158,1280,632
1753173630893,0.46613,0.40757,0.64243,0.40613,320,158,1280,632
1753173630910,0.46602,0.40739,0.64236,0.40595,320,158,1280,632
1753173630926,0.46634,0.40747,0.64233,0.40603,320,158,1280,632
1753173630943,0.46615,0.40755,0.64226,0.40612,320,158,1280,632
1753173630960,0.46627,0.40716,0.64239,0.40603,320,158,1280,632
1753173630977,0.46645,0.40720,0.64229,0.40625,320,158,1280,632
1753173630994,0.46658,0.40717,0.64227,0.40601,320,158,1280,632
1753173631010,0.46654,0.40720,0.64224,0.40604,320,158,1280,632
1753173631027,0.46701,0.40721,0.64295,0.40605,320,158,1280,632
1753173631044,0.46699,0.40704,0.64308,0.40578,320,158,1280,632
1753173631060,0.46722,0.40706,0.64305,0.40593,320,158,1280,632
1753173631078,0.46705,0.40662,0.64302,0.40601,320,158,1280,632
1753173631094,0.46718,0.40653,0.64311,0.40601,320,158,1280,632
1753173631110,0.46711,0.40686,0.64324,0.40585,320,158,1280,632
1753173631127,0.46814,0.40666,0.64394,0.40523,320,158,1280,632
1753173631144,0.46819,0.40710,0.64385,0.40546,320,158,1280,632
1753173631161,0.46816,0.40671,0.64393,0.40547,320,158,1280,632
1753173631178,0.46814,0.40690,0.64394,0.40557,320,158,1280,632
1753173631194,0.46879,0.40718,0.64501,0.40483,320,158,1280,632
1753173631211,0.46906,0.40738,0.64502,0.40521,320,158,1280,632
1753173631228,0.46913,0.40720,0.64481,0.40534,320,158,1280,632
1753173631244,0.46901,0.40716,0.64487,0.40541,320,158,1280,632
1753173631262,0.46925,0.40713,0.64504,0.40539,320,158,1280,632
1753173631275,0.46973,0.40711,0.64589,0.40545,320,158,1280,632
1753173631294,0.47006,0.40651,0.64584,0.40556,320,158,1280,632
1753173631310,0.47003,0.40669,0.64566,0.40535,320,158,1280,632
1753173631327,0.47013,0.40622,0.64582,0.40579,320,158,1280,632
1753173631344,0.47008,0.40640,0.64579,0.40558,320,158,1280,632
1753173631361,0.47046,0.40667,0.64638,0.40454,320,158,1280,632
1753173631378,0.47081,0.40640,0.64669,0.40518,320,158,1280,632
1753173631394,0.47075,0.40642,0.64669,0.40520,320,158,1280,632
1753173631411,0.47123,0.40635,0.64703,0.40409,320,158,1280,632
1753173631429,0.47117,0.40622,0.64701,0.40418,320,158,1280,632
1753173631445,0.47134,0.40629,0.64717,0.40425,320,158,1280,632
1753173631462,0.47126,0.40635,0.64713,0.40410,320,158,1280,632
1753173631479,0.47123,0.40641,0.64710,0.40416,320,158,1280,632
1753173631495,0.47125,0.40615,0.64700,0.40420,320,158,1280,632
1753173631512,0.47115,0.40635,0.64725,0.40391,320,158,1280,632
1753173631528,0.47151,0.40596,0.64726,0.40432,320,158,1280,632
1753173631545,0.47144,0.40616,0.64744,0.40430,320,158,1280,632
1753173631562,0.47148,0.40605,0.64737,0.40418,320,158,1280,632
1753173631579,0.47053,0.40653,0.64768,0.40351,320,158,1280,632
1753173631596,0.47118,0.40626,0.64753,0.40389,320,158,1280,632
1753173631613,0.47106,0.40600,0.64763,0.40394,320,158,1280,632
1753173631630,0.47116,0.40626,0.64750,0.40381,320,158,1280,632
1753173631646,0.47126,0.40613,0.64741,0.40389,320,158,1280,632
1753173631662,0.47123,0.40618,0.64741,0.40404,320,158,1280,632
1753173631679,0.47142,0.40602,0.64737,0.40398,320,158,1280,632
1753173631695,0.47138,0.40594,0.64739,0.40389,320,158,1280,632
1753173631712,0.47136,0.40599,0.64741,0.40404,320,158,1280,632
1753173631729,0.47127,0.40625,0.64735,0.40399,320,158,1280,632
1753173631746,0.47112,0.40622,0.64721,0.40447,320,158,1280,632
1753173631762,0.47125,0.40615,0.64729,0.40450,320,158,1280,632
1753173631779,0.47120,0.40631,0.64705,0.40457,320,158,1280,632
1753173631795,0.47131,0.40606,0.64716,0.40462,320,158,1280,632
1753173631812,0.47124,0.40641,0.64712,0.40446,320,158,1280,632
1753173631829,0.47121,0.40616,0.64732,0.40450,320,158,1280,632
1753173631845,0.47164,0.40650,0.64775,0.40454,320,158,1280,632
1753173631862,0.47176,0.40665,0.64778,0.40490,320,158,1280,632
1753173631878,0.47183,0.40647,0.64768,0.40494,320,158,1280,632
1753173631895,0.47198,0.40630,0.64765,0.40499,320,158,1280,632
1753173631912,0.47224,0.40697,0.64839,0.40483,320,158,1280,632
1753173631929,0.47244,0.40682,0.64832,0.40499,320,158,1280,632
1753173631945,0.47238,0.40674,0.64831,0.40491,320,158,1280,632
1753173631962,0.47246,0.40656,0.64848,0.40482,320,158,1280,632
1753173631979,0.47222,0.40747,0.64864,0.40511,320,158,1280,632
1753173631995,0.47265,0.40700,0.64853,0.40547,320,158,1280,632
1753173632012,0.47270,0.40691,0.64864,0.40538,320,158,1280,632
1753173632029,0.47277,0.40694,0.64859,0.40541,320,158,1280,632
1753173632045,0.47244,0.40732,0.64865,0.40527,320,158,1280,632
1753173632062,0.47256,0.40674,0.64861,0.40551,320,158,1280,632
1753173632081,0.47203,0.40694,0.64852,0.40571,320,158,1280,632
1753173632099,0.47234,0.40691,0.64843,0.40538,320,158,1280,632
1753173632115,0.47183,0.40752,0.64844,0.40537,320,158,1280,632
1753173632133,0.47213,0.40694,0.64839,0.40570,320,158,1280,632
1753173632149,0.47189,0.40743,0.64812,0.40559,320,158,1280,632
1753173632166,0.47190,0.40736,0.64822,0.40542,320,158,1280,632
1753173632182,0.47189,0.40719,0.64820,0.40535,320,158,1280,632
1753173632199,0.47183,0.40747,0.64807,0.40533,320,158,1280,632
1753173632216,0.47203,0.40716,0.64819,0.40523,320,158,1280,632
1753173632233,0.47177,0.40756,0.64825,0.40490,320,158,1280,632
1753173632249,0.47168,0.40684,0.64807,0.40570,320,158,1280,632
1753173632266,0.47130,0.40751,0.64803,0.40527,320,158,1280,632
1753173632283,0.47179,0.40686,0.64805,0.40562,320,158,1280,632
1753173632299,0.47124,0.40730,0.64799,0.40515,320,158,1280,632
1753173632316,0.47173,0.40671,0.64761,0.40588,320,158,1280,632
1753173632332,0.47105,0.40745,0.64764,0.40540,320,158,1280,632
1753173632349,0.47140,0.40709,0.64771,0.40586,320,158,1280,632
1753173632365,0.47131,0.40747,0.64773,0.40593,320,158,1280,632
1753173632382,0.47142,0.40742,0.64764,0.40589,320,158,1280,632
1753173632398,0.47125,0.40738,0.64773,0.40584,320,158,1280,632
1753173632416,0.47135,0.40749,0.64765,0.40657,320,158,1280,632
1753173632432,0.47115,0.40820,0.64767,0.40575,320,158,1280,632
1753173632450,0.47124,0.40815,0.64765,0.40627,320,158,1280,632
1753173632463,0.47127,0.40818,0.64808,0.40620,320,158,1280,632
1753173632480,0.47104,0.40849,0.64808,0.40617,320,158,1280,632
1753173632496,0.47105,0.40842,0.64813,0.40609,320,158,1280,632
1753173632512,0.47120,0.40841,0.64815,0.40609,320,158,1280,632
1753173632529,0.47106,0.40846,0.64814,0.40613,320,158,1280,632
1753173632546,0.47120,0.40836,0.64837,0.40594,320,158,1280,632
1753173632562,0.47152,0.40860,0.64828,0.40649,320,158,1280,632
1753173632579,0.47128,0.40852,0.64837,0.40632,320,158,1280,632
1753173632595,0.47164,0.40888,0.64816,0.40639,320,158,1280,632
1753173632614,0.47135,0.40852,0.64823,0.40632,320,158,1280,632
1753173632627,0.47164,0.40857,0.64865,0.40607,320,158,1280,632
1753173632646,0.47145,0.40932,0.64856,0.40569,320,158,1280,632
1753173632666,0.47158,0.40847,0.64863,0.40575,320,158,1280,632
1753173632683,0.47140,0.40914,0.64852,0.40590,320,158,1280,632
1753173632697,0.47202,0.40880,0.64931,0.40638,320,158,1280,632
1753173632715,0.47166,0.40916,0.64928,0.40600,320,158,1280,632
1753173632731,0.47214,0.40862,0.64926,0.40638,320,158,1280,632
1753173632748,0.47202,0.40898,0.64933,0.40604,320,158,1280,632
1753173632764,0.47209,0.40897,0.64937,0.40652,320,158,1280,632
1753173632781,0.47195,0.40882,0.64928,0.40657,320,158,1280,632
1753173632795,0.47233,0.40913,0.65007,0.40679,320,158,1280,632
1753173632812,0.47245,0.40957,0.64982,0.40724,320,158,1280,632
1753173632828,0.47275,0.40933,0.64980,0.40744,320,158,1280,632
1753173632844,0.47278,0.40914,0.64984,0.40725,320,158,1280,632
1753173632862,0.47268,0.40907,0.64984,0.40739,320,158,1280,632
1753173632878,0.47271,0.40943,0.65049,0.40721,320,158,1280,632
1753173632895,0.47292,0.40931,0.65031,0.40719,320,158,1280,632
1753173632912,0.47274,0.40935,0.65026,0.40723,320,158,1280,632
1753173632928,0.47285,0.40934,0.65025,0.40723,320,158,1280,632
1753173632945,0.47261,0.40969,0.65041,0.40705,320,158,1280,632
1753173632962,0.47267,0.40957,0.65053,0.40701,320,158,1280,632
1753173632979,0.47272,0.40976,0.65032,0.40700,320,158,1280,632
1753173632996,0.47239,0.41017,0.65042,0.40708,320,158,1280,632
1753173633013,0.47263,0.41002,0.65029,0.40694,320,158,1280,632
1753173634046,0.46438,0.40963,0.64425,0.40763,640,158,1280,632
1753173634062,0.46436,0.40939,0.64434,0.40757,640,158,1280,632
1753173634079,0.46435,0.40907,0.64428,0.40777,640,158,1280,632
1753173634096,0.46444,0.40948,0.64417,0.40779,640,158,1280,632
1753173634113,0.46404,0.40971,0.64442,0.40727,640,158,1280,632
1753173634130,0.46417,0.40912,0.64435,0.40730,640,158,1280,632
1753173634146,0.46401,0.40956,0.64445,0.40734,640,158,1280,632
1753173634163,0.46434,0.40896,0.64422,0.40675,640,158,1280,632
1753173634180,0.46425,0.40883,0.64422,0.40701,640,158,1280,632
1753173634197,0.46424,0.40865,0.64419,0.40714,640,158,1280,632
1753173634213,0.46409,0.40892,0.64430,0.40701,640,158,1280,632
1753173634230,0.46388,0.40936,0.64383,0.40715,640,158,1280,632
1753173634247,0.46394,0.40923,0.64388,0.40732,640,158,1280,632
1753173634263,0.46406,0.40903,0.64407,0.40712,640,158,1280,632
1753173634279,0.46392,0.40910,0.64396,0.40688,640,158,1280,632
1753173634295,0.46400,0.40887,0.64398,0.40696,640,158,1280,632
1753173634313,0.46396,0.40885,0.64388,0.40685,640,158,1280,632
1753173634329,0.46385,0.40935,0.64402,0.40705,640,158,1280,632
1753173634346,0.46382,0.40935,0.64398,0.40735,640,158,1280,632
1753173634363,0.46387,0.40939,0.64400,0.40726,640,158,1280,632
1753173634377,0.46374,0.41009,0.64385,0.40809,640,158,1280,632
1753173634396,0.46379,0.41004,0.64360,0.40835,640,158,1280,632
1753173634413,0.46378,0.41034,0.64345,0.40823,640,158,1280,632
1753173634430,0.46386,0.41014,0.64342,0.40794,640,158,1280,632
1753173634447,0.46377,0.41028,0.64363,0.40838,640,158,1280,632
1753173634463,0.46380,0.41020,0.64361,0.40838,640,158,1280,632
1753173634477,0.46389,0.40964,0.64391,0.40834,640,158,1280,632
1753173634495,0.46382,0.41012,0.64395,0.40803,640,158,1280,632
1753173634512,0.46390,0.40995,0.64398,0.40826,640,158,1280,632
1753173634528,0.46401,0.41011,0.64389,0.40833,640,158,1280,632
1753173634546,0.46392,0.40958,0.64418,0.40780,640,158,1280,632
1753173634563,0.46375,0.41014,0.64410,0.40835,640,158,1280,632
1753173634579,0.46377,0.40978,0.64406,0.40830,640,158,1280,632
1753173634595,0.46380,0.41017,0.64411,0.40838,640,158,1280,632
1753173634612,0.46377,0.40981,0.64424,0.40832,640,158,1280,632
1753173634630,0.46378,0.41011,0.64409,0.40832,640,158,1280,632
1753173634647,0.46335,0.41006,0.64358,0.40797,640,158,1280,632
1753173634664,0.46302,0.40995,0.64380,0.40794,640,158,1280,632
1753173634680,0.46301,0.40995,0.64395,0.40785,640,158,1280,632
1753173634696,0.46308,0.40994,0.64386,0.40784,640,158,1280,632
1753173634712,0.46287,0.41008,0.64326,0.40829,640,158,1280,632
1753173634729,0.46278,0.40946,0.64358,0.40775,640,158,1280,632
1753173634746,0.46280,0.40968,0.64367,0.40780,640,158,1280,632
1753173634763,0.46273,0.40977,0.64375,0.40758,640,158,1280,632
1753173634780,0.46209,0.41049,0.64330,0.40839,640,158,1280,632
1753173634796,0.46236,0.41002,0.64336,0.40831,640,158,1280,632
1753173634813,0.46215,0.41026,0.64327,0.40816,640,158,1280,632
1753173634830,0.46240,0.40989,0.64348,0.40817,640,158,1280,632
1753173634846,0.46238,0.41006,0.64334,0.40804,640,158,1280,632
1753173634863,0.46220,0.41023,0.64345,0.40812,640,158,1280,632
1753173634880,0.46162,0.41033,0.64290,0.40831,640,158,1280,632
1753173634897,0.46164,0.41069,0.64294,0.40837,640,158,1280,632
1753173634913,0.46184,0.41038,0.64315,0.40814,640,158,1280,632
1753173634930,0.46180,0.41044,0.64299,0.40812,640,158,1280,632
1753173634947,0.46162,0.41073,0.64256,0.40841,640,158,1280,632
1753173634963,0.46151,0.41053,0.64273,0.40821,640,158,1280,632
1753173634980,0.46155,0.41052,0.64275,0.40850,640,158,1280,632
1753173634998,0.46162,0.41036,0.64263,0.40834,640,158,1280,632
1753173635017,0.46157,0.41045,0.64278,0.40851,640,158,1280,632
1753173635034,0.46167,0.41055,0.64257,0.40823,640,158,1280,632
1753173635051,0.46192,0.41091,0.64285,0.40859,640,158,1280,632
1753173635068,0.46211,0.41079,0.64305,0.40847,640,158,1280,632
1753173635083,0.46195,0.41115,0.64292,0.40844,640,158,1280,632
1753173635101,0.46199,0.41105,0.64298,0.40864,640,158,1280,632
1753173635114,0.46291,0.41052,0.64364,0.40851,640,158,1280,632
1753173635131,0.46294,0.41103,0.64368,0.40841,640,158,1280,632
1753173635148,0.46286,0.41114,0.64350,0.40883,640,158,1280,632
1753173635165,0.46289,0.41138,0.64340,0.40876,640,158,1280,632
1753173635181,0.46295,0.41101,0.64364,0.40848,640,158,1280,632
1753173635198,0.46287,0.41127,0.64351,0.40904,640,158,1280,632
1753173635215,0.46356,0.41009,0.64408,0.40839,640,158,1280,632
1753173635232,0.46350,0.41081,0.64396,0.40881,640,158,1280,632
1753173635249,0.46356,0.41049,0.64407,0.40839,640,158,1280,632
1753173635265,0.46316,0.41077,0.64389,0.40876,640,158,1280,632
1753173635282,0.46402,0.40947,0.64454,0.40799,640,158,1280,632
1753173635299,0.46383,0.40966,0.64438,0.40834,640,158,1280,632
1753173635316,0.46411,0.40962,0.64456,0.40814,640,158,1280,632
1753173635332,0.46375,0.40949,0.64436,0.40827,640,158,1280,632
1753173635349,0.46458,0.40900,0.64471,0.40805,640,158,1280,632
1753173635366,0.46438,0.40952,0.64482,0.40812,640,158,1280,632
1753173635382,0.46437,0.40939,0.64476,0.40812,640,158,1280,632
1753173635398,0.46419,0.40944,0.64484,0.40834,640,158,1280,632
1753173635415,0.46435,0.40931,0.64495,0.40803,640,158,1280,632
1753173635431,0.46427,0.40933,0.64482,0.40823,640,158,1280,632
1753173635448,0.46454,0.40914,0.64515,0.40826,640,158,1280,632
1753173635465,0.46477,0.40939,0.64510,0.40820,640,158,1280,632
1753173635481,0.46483,0.40931,0.64513,0.40822,640,158,1280,632
1753173635498,0.46466,0.40940,0.64522,0.40822,640,158,1280,632
1753173635515,0.46499,0.40959,0.64576,0.40861,640,158,1280,632
1753173635531,0.46498,0.40965,0.64573,0.40858,640,158,1280,632
1753173635547,0.46506,0.40968,0.64578,0.40823,640,158,1280,632
1753173635563,0.46494,0.40978,0.64555,0.40850,640,158,1280,632
1753173635580,0.46503,0.40958,0.64566,0.40851,640,158,1280,632
1753173635597,0.46501,0.40939,0.64571,0.40863,640,158,1280,632
1753173635613,0.46532,0.40969,0.64577,0.40893,640,158,1280,632
1753173635630,0.46533,0.41003,0.64590,0.40897,640,158,1280,632
1753173635647,0.46527,0.40994,0.64577,0.40888,640,158,1280,632
1753173635663,0.46530,0.40993,0.64600,0.40886,640,158,1280,632
1753173635681,0.46542,0.41013,0.64592,0.40937,640,158,1280,632
1753173635697,0.46542,0.41013,0.64598,0.40924,640,158,1280,632
1753173635714,0.46536,0.41029,0.64609,0.40923,640,158,1280,632
1753173635730,0.46532,0.41006,0.64595,0.40939,640,158,1280,632
1753173635747,0.46549,0.41022,0.64598,0.40916,640,158,1280,632
1753173635761,0.46522,0.41019,0.64584,0.40943,640,158,1280,632
1753173635781,0.46520,0.41067,0.64589,0.40922,640,158,1280,632
1753173635798,0.46529,0.41065,0.64589,0.40920,640,158,1280,632
1753173635814,0.46517,0.41067,0.64597,0.40921,640,158,1280,632
1753173635831,0.46521,0.41038,0.64581,0.40932,640,158,1280,632
1753173635847,0.46541,0.41029,0.64562,0.40875,640,158,1280,632
1753173635864,0.46524,0.41001,0.64569,0.40886,640,158,1280,632
1753173635880,0.46515,0.41023,0.64563,0.40878,640,158,1280,632
1753173635897,0.46515,0.41000,0.64571,0.40886,640,158,1280,632
1753173635914,0.46520,0.40971,0.64528,0.40826,640,158,1280,632
1753173635930,0.46524,0.40922,0.64557,0.40825,640,158,1280,632
1753173635948,0.46529,0.40935,0.64547,0.40812,640,158,1280,632
1753173635964,0.46519,0.40933,0.64550,0.40836,640,158,1280,632
1753173635981,0.46516,0.40928,0.64551,0.40822,640,158,1280,632
1753173635998,0.46535,0.40917,0.64549,0.40842,640,158,1280,632
1753173636015,0.46527,0.40866,0.64561,0.40799,640,158,1280,632
1753173636032,0.46523,0.40885,0.64564,0.40801,640,158,1280,632
1753173636049,0.46512,0.40903,0.64562,0.40797,640,158,1280,632
1753173636065,0.46536,0.40802,0.64565,0.40787,640,158,1280,632
1753173636082,0.46536,0.40814,0.64581,0.40760,640,158,1280,632
1753173636098,0.46525,0.40813,0.64577,0.40789,640,158,1280,632
1753173636115,0.46529,0.40819,0.64571,0.40765,640,158,1280,632
1753173636131,0.46526,0.40845,0.64580,0.40782,640,158,1280,632
1753173636149,0.46530,0.40838,0.64576,0.40775,640,158,1280,632
1753173636165,0.46598,0.40778,0.64600,0.40725,640,158,1280,632
1753173636182,0.46575,0.40797,0.64607,0.40765,640,158,1280,632
1753173636199,0.46594,0.40781,0.64623,0.40749,640,158,1280,632
1753173636215,0.46591,0.40780,0.64603,0.40748,640,158,1280,632
1753173636233,0.46688,0.40751,0.64689,0.40750,640,158,1280,632
1753173636249,0.46670,0.40809,0.64682,0.40768,640,158,1280,632
1753173636265,0.46654,0.40778,0.64680,0.40729,640,158,1280,632
1753173636282,0.46655,0.40795,0.64667,0.40763,640,158,1280,632
1753173636299,0.46665,0.40810,0.64669,0.40770,640,158,1280,632
1753173636315,0.46660,0.40804,0.64666,0.40794,640,158,1280,632
1753173636333,0.46740,0.40726,0.64793,0.40737,640,158,1280,632
1753173636349,0.46759,0.40765,0.64782,0.40754,640,158,1280,632
1753173636366,0.46754,0.40729,0.64792,0.40748,640,158,1280,632
1753173636382,0.46762,0.40732,0.64779,0.40730,640,158,1280,632
1753173636399,0.46840,0.40702,0.64858,0.40713,640,158,1280,632
1753173636415,0.46842,0.40742,0.64863,0.40723,640,158,1280,632
1753173636432,0.46840,0.40746,0.64862,0.40736,640,158,1280,632
1753173636448,0.46845,0.40742,0.64864,0.40740,640,158,1280,632
1753173636464,0.46843,0.40722,0.64877,0.40720,640,158,1280,632
1753173636480,0.46849,0.40743,0.64859,0.40733,640,158,1280,632
1753173636498,0.46879,0.40705,0.64890,0.40725,640,158,1280,632
1753173636514,0.46899,0.40727,0.64884,0.40678,640,158,1280,632
1753173636531,0.46873,0.40726,0.64885,0.40716,640,158,1280,632
1753173636547,0.46901,0.40727,0.64883,0.40708,640,158,1280,632
1753173636565,0.46897,0.40752,0.64931,0.40680,640,158,1280,632
1753173636581,0.46908,0.40747,0.64938,0.40685,640,158,1280,632
1753173636597,0.46909,0.40738,0.64936,0.40697,640,158,1280,632
1753173636614,0.46890,0.40738,0.64925,0.40697,640,158,1280,632
1753173636631,0.46927,0.40742,0.64949,0.40701,640,158,1280,632
1753173636648,0.46912,0.40751,0.64955,0.40701,640,158,1280,632
1753173636664,0.46912,0.40762,0.64954,0.40712,640,158,1280,632
1753173636681,0.46914,0.40772,0.64958,0.40692,640,158,1280,632
1753173636699,0.46909,0.40758,0.64950,0.40708,640,158,1280,632
1753173636715,0.46907,0.40747,0.64950,0.40706,640,158,1280,632
1753173636733,0.46921,0.40754,0.64951,0.40704,640,158,1280,632
1753173636749,0.46924,0.40764,0.64933,0.40714,640,158,1280,632
1753173636765,0.46915,0.40777,0.64949,0.40719,640,158,1280,632
1753173636781,0.46917,0.40760,0.64948,0.40711,640,158,1280,632
1753173636798,0.46911,0.40763,0.64939,0.40683,640,158,1280,632
1753173636814,0.46912,0.40780,0.64959,0.40700,640,158,1280,632
1753173636831,0.46911,0.40782,0.64947,0.40680,640,158,1280,632
1753173636847,0.46925,0.40776,0.64948,0.40696,640,158,1280,632
1753173636865,0.46908,0.40782,0.64941,0.40681,640,158,1280,632
1753173636881,0.46917,0.40787,0.64960,0.40685,640,158,1280,632
1753173636898,0.46924,0.40779,0.64992,0.40677,640,158,1280,632
1753173636915,0.46929,0.40790,0.64982,0.40697,640,158,1280,632
1753173636932,0.46946,0.40757,0.64967,0.40717,640,158,1280,632
1753173636948,0.46922,0.40803,0.64983,0.40701,640,158,1280,632
1753173636965,0.47015,0.40702,0.65022,0.40692,640,158,1280,632
1753173636982,0.46990,0.40746,0.65006,0.40714,640,158,1280,632
1753173636998,0.46993,0.40735,0.65005,0.40724,640,158,1280,632
1753173637014,0.46971,0.40767,0.65010,0.40704,640,158,1280,632
1753173637031,0.46998,0.40733,0.65007,0.40723,640,158,1280,632
1753173638065,0.46029,0.40688,0.63955,0.40553,960,158,1280,632
1753173638082,0.46050,0.40711,0.63953,0.40606,960,158,1280,632
1753173638099,0.46033,0.40702,0.63956,0.40606,960,158,1280,632
1753173638116,0.46061,0.40731,0.63966,0.40605,960,158,1280,632
1753173638132,0.46041,0.40687,0.63955,0.40622,960,158,1280,632
1753173638149,0.46064,0.40734,0.63946,0.40599,960,158,1280,632
1753173638165,0.46036,0.40682,0.63949,0.40596,960,158,1280,632
1753173638182,0.46027,0.40659,0.63968,0.40645,960,158,1280,632
1753173638199,0.46059,0.40708,0.63919,0.40625,960,158,1280,632
1753173638216,0.46072,0.40755,0.63918,0.40591,960,158,1280,632
1753173638233,0.46088,0.40790,0.63911,0.40574,960,158,1280,632
1753173638249,0.46175,0.40739,0.64022,0.40523,960,158,1280,632
1753173638266,0.46187,0.40776,0.64016,0.40516,960,158,1280,632
1753173638283,0.46195,0.40805,0.64007,0.40516,960,158,1280,632
1753173638299,0.46185,0.40788,0.64011,0.40490,960,158,1280,632
1753173638316,0.46240,0.40708,0.64118,0.40630,960,158,1280,632
1753173638334,0.46252,0.40793,0.64097,0.40558,960,158,1280,632
1753173638350,0.46283,0.40812,0.64059,0.40574,960,158,1280,632
1753173638367,0.46266,0.40781,0.64086,0.40555,960,158,1280,632
1753173638384,0.46238,0.40804,0.64081,0.40596,960,158,1280,632
1753173638401,0.46250,0.40771,0.64087,0.40566,960,158,1280,632
1753173638417,0.46282,0.40750,0.64140,0.40602,960,158,1280,632
1753173638434,0.46303,0.40754,0.64137,0.40550,960,158,1280,632
1753173638450,0.46318,0.40798,0.64126,0.40581,960,158,1280,632
1753173638466,0.46291,0.40798,0.64143,0.40532,960,158,1280,632
1753173638483,0.46340,0.40791,0.64143,0.40535,960,158,1280,632
1753173638499,0.46276,0.40733,0.64159,0.40493,960,158,1280,632
1753173638516,0.46318,0.40738,0.64141,0.40551,960,158,1280,632
1753173638533,0.46290,0.40736,0.64171,0.40510,960,158,1280,632
1753173638549,0.46313,0.40763,0.64147,0.40515,960,158,1280,632
1753173638566,0.46301,0.40730,0.64163,0.40482,960,158,1280,632
1753173638583,0.46324,0.40728,0.64179,0.40541,960,158,1280,632
1753173638599,0.46318,0.40725,0.64177,0.40508,960,158,1280,632
1753173638616,0.46318,0.40749,0.64171,0.40532,960,158,1280,632
1753173638632,0.46308,0.40726,0.64184,0.40508,960,158,1280,632
1753173638649,0.46314,0.40714,0.64161,0.40505,960,158,1280,632
1753173638666,0.46302,0.40664,0.64173,0.40508,960,158,1280,632
1753173638683,0.46319,0.40665,0.64182,0.40530,960,158,1280,632
1753173638699,0.46307,0.40638,0.64189,0.40532,960,158,1280,632
1753173638715,0.46307,0.40660,0.64185,0.40546,960,158,1280,632
1753173638732,0.46306,0.40637,0.64197,0.40532,960,158,1280,632
1753173638749,0.46322,0.40622,0.64221,0.40538,960,158,1280,632
1753173638766,0.46329,0.40598,0.64201,0.40536,960,158,1280,632
1753173638782,0.46324,0.40642,0.64201,0.40528,960,158,1280,632
1753173638799,0.46322,0.40627,0.64190,0.40505,960,158,1280,632
1753173638816,0.46333,0.40611,0.64229,0.40496,960,158,1280,632
1753173638833,0.46328,0.40649,0.64200,0.40475,960,158,1280,632
1753173638850,0.46345,0.40637,0.64207,0.40493,960,158,1280,632
1753173638864,0.46361,0.40585,0.64214,0.40480,960,158,1280,632
1753173638883,0.46363,0.40642,0.64217,0.40472,960,158,1280,632
1753173638899,0.46342,0.40609,0.64216,0.40448,960,158,1280,632
1753173638916,0.46364,0.40665,0.64225,0.40473,960,158,1280,632
1753173638932,0.46362,0.40632,0.64232,0.40462,960,158,1280,632
1753173638949,0.46359,0.40620,0.64216,0.40467,960,158,1280,632
1753173638966,0.46356,0.40647,0.64221,0.40424,960,158,1280,632
1753173638982,0.46361,0.40659,0.64202,0.40416,960,158,1280,632
1753173639000,0.46358,0.40626,0.64231,0.40434,960,158,1280,632
1753173639016,0.46364,0.40636,0.64199,0.40423,960,158,1280,632
1753173639033,0.46353,0.40654,0.64224,0.40432,960,158,1280,632
1753173639050,0.46340,0.40595,0.64223,0.40412,960,158,1280,632
1753173639067,0.46358,0.40563,0.64219,0.40432,960,158,1280,632
1753173639083,0.46369,0.40618,0.64216,0.40396,960,158,1280,632
1753173639099,0.46355,0.40568,0.64216,0.40415,960,158,1280,632
1753173639117,0.46359,0.40597,0.64205,0.40414,960,158,1280,632
1753173639133,0.46326,0.40534,0.64208,0.40381,960,158,1280,632
1753173639150,0.46321,0.40576,0.64186,0.40380,960,158,1280,632
1753173639166,0.46325,0.40523,0.64190,0.40388,960,158,1280,632
1753173639183,0.46326,0.40567,0.64186,0.40392,960,158,1280,632
1753173639199,0.46337,0.40545,0.64197,0.40401,960,158,1280,632
1753173639217,0.46290,0.40528,0.64164,0.40384,960,158,1280,632
1753173639233,0.46327,0.40511,0.64184,0.40358,960,158,1280,632
1753173639250,0.46326,0.40574,0.64180,0.40370,960,158,1280,632
1753173639267,0.46301,0.40496,0.64181,0.40352,960,158,1280,632
1753173639283,0.46309,0.40560,0.64174,0.40376,960,158,1280,632
1753173639300,0.46279,0.40471,0.64152,0.40357,960,158,1280,632
1753173639317,0.46291,0.40499,0.64161,0.40338,960,158,1280,632
1753173639333,0.46301,0.40479,0.64147,0.40348,960,158,1280,632
1753173639350,0.46275,0.40464,0.64158,0.40333,960,158,1280,632
1753173639367,0.46290,0.40474,0.64141,0.40321,960,158,1280,632
1753173639384,0.46272,0.40467,0.64152,0.40292,960,158,1280,632
1753173639400,0.46266,0.40461,0.64147,0.40317,960,158,1280,632
1753173639424,0.46274,0.40484,0.64150,0.40301,960,158,1280,632
1753173639440,0.46277,0.40460,0.64153,0.40316,960,158,1280,632
1753173639456,0.46273,0.40477,0.64158,0.40311,960,158,1280,632
1753173639472,0.46292,0.40464,0.64147,0.40351,960,158,1280,632
1753173639489,0.46273,0.40446,0.64145,0.40341,960,158,1280,632
1753173639506,0.46301,0.40494,0.64137,0.40350,960,158,1280,632
1753173639521,0.46280,0.40466,0.64145,0.40353,960,158,1280,632
1753173639534,0.46295,0.40465,0.64167,0.40390,960,158,1280,632
1753173639551,0.46303,0.40473,0.64183,0.40354,960,158,1280,632
1753173639569,0.46301,0.40478,0.64168,0.40376,960,158,1280,632
1753173639586,0.46312,0.40469,0.64164,0.40368,960,158,1280,632
1753173639602,0.46292,0.40471,0.64204,0.40400,960,158,1280,632
1753173639620,0.46334,0.40520,0.64200,0.40340,960,158,1280,632
1753173639637,0.46343,0.40537,0.64178,0.40363,960,158,1280,632
1753173639654,0.46336,0.40537,0.64206,0.40353,960,158,1280,632
1753173639671,0.46336,0.40544,0.64178,0.40400,960,158,1280,632
1753173639688,0.46334,0.40533,0.64202,0.40349,960,158,1280,632
1753173639701,0.46335,0.40514,0.64241,0.40460,960,158,1280,632
1753173639718,0.46368,0.40504,0.64249,0.40393,960,158,1280,632
1753173639735,0.46377,0.40540,0.64232,0.40447,960,158,1280,632
1753173639752,0.46378,0.40511,0.64254,0.40400,960,158,1280,632
1753173639769,0.46403,0.40508,0.64301,0.40505,960,158,1280,632
1753173639786,0.46423,0.40508,0.64301,0.40440,960,158,1280,632
1753173639803,0.46429,0.40565,0.64293,0.40484,960,158,1280,632
1753173639820,0.46444,0.40537,0.64275,0.40417,960,158,1280,632
1753173639837,0.46427,0.40578,0.64284,0.40458,960,158,1280,632
1753173639855,0.46452,0.40541,0.64285,0.40430,960,158,1280,632
1753173639871,0.46492,0.40579,0.64392,0.40580,960,158,1280,632
1753173639888,0.46515,0.40644,0.64368,0.40536,960,158,1280,632
1753173639905,0.46498,0.40634,0.64388,0.40575,960,158,1280,632
1753173639922,0.46513,0.40608,0.64349,0.40510,960,158,1280,632
1753173639939,0.46524,0.40657,0.64416,0.40627,960,158,1280,632
1753173639955,0.46547,0.40688,0.64404,0.40558,960,158,1280,632
1753173639971,0.46550,0.40717,0.64409,0.40597,960,158,1280,632
1753173639988,0.46518,0.40725,0.64385,0.40574,960,158,1280,632
1753173640004,0.46555,0.40732,0.64409,0.40590,960,158,1280,632
1753173640021,0.46533,0.40711,0.64409,0.40578,960,158,1280,632
1753173640038,0.46546,0.40696,0.64414,0.40593,960,158,1280,632
1753173640055,0.46545,0.40691,0.64409,0.40579,960,158,1280,632
1753173640072,0.46537,0.40684,0.64426,0.40603,960,158,1280,632
1753173640085,0.46517,0.40625,0.64378,0.40492,960,158,1280,632
1753173640102,0.46509,0.40649,0.64371,0.40494,960,158,1280,632
1753173640119,0.46520,0.40668,0.64362,0.40475,960,158,1280,632
1753173640136,0.46516,0.40693,0.64355,0.40496,960,158,1280,632
1753173640152,0.46527,0.40656,0.64371,0.40472,960,158,1280,632
1753173640170,0.46461,0.40622,0.64305,0.40407,960,158,1280,632
1753173640187,0.46470,0.40668,0.64347,0.40440,960,158,1280,632
1753173640203,0.46459,0.40577,0.64330,0.40410,960,158,1280,632
1753173640220,0.46466,0.40612,0.64331,0.40436,960,158,1280,632
1753173640238,0.46459,0.40557,0.64316,0.40429,960,158,1280,632
1753173640255,0.46465,0.40631,0.64323,0.40417,960,158,1280,632
1753173640272,0.46391,0.40608,0.64241,0.40381,960,158,1280,632
1753173640289,0.46407,0.40619,0.64247,0.40422,960,158,1280,632
1753173640306,0.46414,0.40558,0.64257,0.40443,960,158,1280,632
1753173640319,0.46327,0.40588,0.64162,0.40383,960,158,1280,632
1753173640336,0.46322,0.40571,0.64154,0.40366,960,158,1280,632
1753173640353,0.46341,0.40575,0.64183,0.40378,960,158,1280,632
1753173640370,0.46325,0.40591,0.64181,0.40385,960,158,1280,632
1753173640386,0.46328,0.40593,0.64167,0.40387,960,158,1280,632
1753173640403,0.46342,0.40561,0.64162,0.40386,960,158,1280,632
1753173640416,0.46226,0.40557,0.64086,0.40351,960,158,1280,632
1753173640434,0.46236,0.40530,0.64110,0.40346,960,158,1280,632
1753173640452,0.46225,0.40539,0.64090,0.40364,960,158,1280,632
1753173640469,0.46233,0.40560,0.64104,0.40346,960,158,1280,632
1753173640485,0.46220,0.40532,0.64098,0.40356,960,158,1280,632
1753173640501,0.46117,0.40579,0.63988,0.40313,960,158,1280,632
1753173640518,0.46121,0.40573,0.63981,0.40367,960,158,1280,632
1753173640535,0.46153,0.40588,0.63993,0.40364,960,158,1280,632
1753173640551,0.46181,0.40559,0.63984,0.40406,960,158,1280,632
1753173640568,0.46085,0.40567,0.63900,0.40344,960,158,1280,632
1753173640585,0.46088,0.40560,0.63897,0.40363,960,158,1280,632
1753173640602,0.46086,0.40577,0.63885,0.40381,960,158,1280,632
1753173640619,0.46093,0.40551,0.63896,0.40375,960,158,1280,632
1753173640636,0.46096,0.40561,0.63905,0.40386,960,158,1280,632
1753173640653,0.46011,0.40587,0.63843,0.40321,960,158,1280,632
1753173640670,0.46020,0.40576,0.63835,0.40340,960,158,1280,632
1753173640686,0.46012,0.40551,0.63854,0.40366,960,158,1280,632
1753173640703,0.46025,0.40546,0.63844,0.40362,960,158,1280,632
1753173640720,0.46018,0.40551,0.63833,0.40367,960,158,1280,632
1753173640736,0.46022,0.40569,0.63822,0.40364,960,158,1280,632
1753173640753,0.46021,0.40559,0.63824,0.40354,960,158,1280,632
1753173640770,0.46027,0.40553,0.63829,0.40378,960,158,1280,632
1753173640786,0.46046,0.40540,0.63844,0.40395,960,158,1280,632
1753173640803,0.46029,0.40504,0.63849,0.40389,960,158,1280,632
1753173640820,0.46025,0.40526,0.63909,0.40402,960,158,1280,632
1753173640836,0.46041,0.40530,0.63897,0.40407,960,158,1280,632
1753173640853,0.46036,0.40514,0.63892,0.40412,960,158,1280,632
1753173640869,0.46054,0.40530,0.63905,0.40407,960,158,1280,632
1753173640886,0.46056,0.40506,0.63952,0.40481,960,158,1280,632
1753173640902,0.46075,0.40566,0.63926,0.40407,960,158,1280,632
1753173640919,0.46081,0.40599,0.63917,0.40428,960,158,1280,632
1753173640935,0.46081,0.40619,0.63918,0.40435,960,158,1280,632
1753173640953,0.46067,0.40596,0.63903,0.40420,960,158,1280,632
1753173640969,0.46079,0.40619,0.63912,0.40435,960,158,1280,632
1753173640985,0.46097,0.40652,0.63955,0.40506,960,158,1280,632
1753173641002,0.46098,0.40678,0.63950,0.40455,960,158,1280,632
1753173641019,0.46113,0.40702,0.63935,0.40496,960,158,1280,632
1753173641035,0.46087,0.40661,0.63958,0.40446,960,158,1280,632
1753173641052,0.46130,0.40696,0.64011,0.40610,960,158,1280,632
1753173641069,0.46144,0.40731,0.63984,0.40576,960,158,1280,632
1753173642103,0.45360,0.40867,0.63206,0.40684,1254,158,1280,632
1753173642119,0.45340,0.40883,0.63232,0.40770,1254,158,1280,632
1753173642136,0.45338,0.40889,0.63210,0.40788,1254,158,1280,632
1753173642153,0.45336,0.40882,0.63186,0.40773,1254,158,1280,632
1753173642170,0.45339,0.40927,0.63140,0.40817,1254,158,1280,632
1753173642187,0.45333,0.40920,0.63125,0.40810,1254,158,1280,632
1753173642203,0.45351,0.40925,0.63120,0.40815,1254,158,1280,632
1753173642219,0.45339,0.40907,0.63134,0.40806,1254,158,1280,632
1753173642236,0.45296,0.40932,0.63095,0.40801,1254,158,1280,632
1753173642253,0.45285,0.40922,0.63114,0.40761,1254,158,1280,632
1753173642269,0.45281,0.40955,0.63139,0.40773,1254,158,1280,632
1753173642287,0.45263,0.40945,0.63173,0.40793,1254,158,1280,632
1753173642303,0.45275,0.40952,0.63167,0.40778,1254,158,1280,632
1753173642319,0.45264,0.40944,0.63179,0.40761,1254,158,1280,632
1753173642336,0.45279,0.40930,0.63216,0.40817,1254,158,1280,632
1753173642354,0.45303,0.40933,0.63144,0.40802,1254,158,1280,632
1753173642370,0.45309,0.40948,0.63160,0.40795,1254,158,1280,632
1753173642387,0.45305,0.40940,0.63157,0.40778,1254,158,1280,632
1753173642404,0.45338,0.40914,0.63303,0.40845,1254,158,1280,632
1753173642420,0.45355,0.40922,0.63294,0.40866,1254,158,1280,632
1753173642436,0.45348,0.40922,0.63273,0.40843,1254,158,1280,632
1753173642453,0.45359,0.40916,0.63289,0.40877,1254,158,1280,632
1753173642470,0.45378,0.40905,0.63265,0.40856,1254,158,1280,632
1753173642487,0.45393,0.40919,0.63230,0.40870,1254,158,1280,632
1753173642504,0.45475,0.40806,0.63410,0.40819,1254,158,1280,632
1753173642520,0.45474,0.40801,0.63363,0.40796,1254,158,1280,632
1753173642537,0.45483,0.40791,0.63362,0.40825,1254,158,1280,632
1753173642554,0.45488,0.40792,0.63327,0.40817,1254,158,1280,632
1753173642571,0.45589,0.40619,0.63449,0.40695,1254,158,1280,632
1753173642587,0.45602,0.40640,0.63421,0.40698,1254,158,1280,632
1753173642604,0.45594,0.40634,0.63362,0.40725,1254,158,1280,632
1753173642621,0.45607,0.40636,0.63368,0.40736,1254,158,1280,632
1753173642637,0.45618,0.40630,0.63356,0.40720,1254,158,1280,632
1753173642653,0.45601,0.40614,0.63367,0.40723,1254,158,1280,632
1753173642669,0.45712,0.40568,0.63470,0.40607,1254,158,1280,632
1753173642686,0.45715,0.40563,0.63428,0.40650,1254,158,1280,632
1753173642703,0.45736,0.40584,0.63444,0.40653,1254,158,1280,632
1753173642720,0.45712,0.40580,0.63446,0.40650,1254,158,1280,632
1753173642736,0.45759,0.40552,0.63539,0.40653,1254,158,1280,632
1753173642753,0.45766,0.40565,0.63506,0.40643,1254,158,1280,632
1753173642769,0.45785,0.40545,0.63507,0.40645,1254,158,1280,632
1753173642787,0.45762,0.40542,0.63510,0.40643,1254,158,1280,632
1753173642804,0.45790,0.40594,0.63562,0.40685,1254,158,1280,632
1753173642821,0.45814,0.40593,0.63558,0.40663,1254,158,1280,632
1753173642838,0.45813,0.40603,0.63563,0.40673,1254,158,1280,632
1753173642855,0.45805,0.40598,0.63550,0.40699,1254,158,1280,632
1753173642872,0.45805,0.40613,0.63555,0.40683,1254,158,1280,632
1753173642888,0.45802,0.40604,0.63549,0.40674,1254,158,1280,632
1753173642905,0.45800,0.40674,0.63576,0.40714,1254,158,1280,632
1753173642922,0.45812,0.40656,0.63544,0.40696,1254,158,1280,632
1753173642938,0.45807,0.40653,0.63566,0.40672,1254,158,1280,632
1753173642955,0.45796,0.40649,0.63554,0.40689,1254,158,1280,632
1753173642971,0.45752,0.40724,0.63533,0.40743,1254,158,1280,632
1753173642988,0.45732,0.40682,0.63549,0.40732,1254,158,1280,632
1753173643005,0.45730,0.40670,0.63518,0.40749,1254,158,1280,632
1753173643021,0.45714,0.40665,0.63548,0.40745,1254,158,1280,632
1753173643037,0.45714,0.40658,0.63560,0.40747,1254,158,1280,632
1753173643054,0.45735,0.40672,0.63559,0.40722,1254,158,1280,632
1753173643071,0.45634,0.40832,0.63477,0.40800,1254,158,1280,632
1753173643088,0.45610,0.40840,0.63462,0.40800,1254,158,1280,632
1753173643105,0.45623,0.40819,0.63475,0.40787,1254,158,1280,632
1753173643121,0.45607,0.40808,0.63500,0.40808,1254,158,1280,632
1753173643138,0.45524,0.40881,0.63399,0.40858,1254,158,1280,632
1753173643155,0.45505,0.40867,0.63433,0.40884,1254,158,1280,632
1753173643171,0.45497,0.40891,0.63450,0.40899,1254,158,1280,632
1753173643188,0.45486,0.40873,0.63443,0.40891,1254,158,1280,632
1753173643204,0.45501,0.40879,0.63438,0.40896,1254,158,1280,632
1753173643220,0.45494,0.40885,0.63456,0.40902,1254,158,1280,632
1753173643238,0.45418,0.41011,0.63360,0.40937,1254,158,1280,632
1753173643255,0.45431,0.41006,0.63323,0.40944,1254,158,1280,632
1753173643270,0.45442,0.41040,0.63353,0.40948,1254,158,1280,632
1753173643288,0.45437,0.41035,0.63378,0.40983,1254,158,1280,632
1753173643302,0.45399,0.41117,0.63268,0.41054,1254,158,1280,632
1753173643322,0.45386,0.41096,0.63300,0.41064,1254,158,1280,632
1753173643342,0.45375,0.41104,0.63308,0.41064,1254,158,1280,632
1753173643357,0.45349,0.41112,0.63221,0.41110,1254,158,1280,632
1753173643376,0.45347,0.41117,0.63243,0.41115,1254,158,1280,632
1753173643391,0.45342,0.41105,0.63257,0.41104,1254,158,1280,632
1753173643408,0.45334,0.41116,0.63272,0.41115,1254,158,1280,632
1753173643425,0.45326,0.41126,0.63288,0.41126,1254,158,1280,632
1753173643441,0.45346,0.41132,0.63288,0.41101,1254,158,1280,632
1753173643455,0.45274,0.41102,0.63152,0.41131,1254,158,1280,632
1753173643472,0.45270,0.41095,0.63173,0.41115,1254,158,1280,632
1753173643489,0.45274,0.41101,0.63180,0.41122,1254,158,1280,632
1753173643506,0.45254,0.41110,0.63213,0.41109,1254,158,1280,632
1753173643519,0.45221,0.41081,0.63094,0.41048,1254,158,1280,632
1753173643536,0.45206,0.41099,0.63118,0.41076,1254,158,1280,632
1753173643553,0.45209,0.41109,0.63144,0.41056,1254,158,1280,632
1753173643570,0.45183,0.41105,0.63151,0.41074,1254,158,1280,632
1753173643587,0.45208,0.41126,0.63133,0.41063,1254,158,1280,632
1753173643603,0.45199,0.41120,0.63131,0.41067,1254,158,1280,632
1753173643620,0.45195,0.41119,0.63151,0.41057,1254,158,1280,632
1753173643638,0.45163,0.41101,0.63079,0.41078,1254,158,1280,632
1753173643654,0.45171,0.41116,0.63102,0.41124,1254,158,1280,632
1753173643671,0.45179,0.41140,0.63087,0.41086,1254,158,1280,632
1753173643687,0.45091,0.41165,0.63057,0.41130,1254,158,1280,632
1753173643704,0.45124,0.41203,0.63045,0.41138,1254,158,1280,632
1753173643720,0.45109,0.41195,0.63038,0.41138,1254,158,1280,632
1753173643737,0.45125,0.41182,0.63003,0.41146,1254,158,1280,632
1753173643753,0.45124,0.41213,0.63037,0.41147,1254,158,1280,632
1753173643770,0.45117,0.41190,0.63030,0.41124,1254,158,1280,632
1753173643788,0.45088,0.41208,0.62979,0.41151,1254,158,1280,632
1753173643804,0.45117,0.41180,0.63009,0.41127,1254,158,1280,632
1753173643821,0.45072,0.41229,0.63073,0.41181,1254,158,1280,632
1753173643838,0.45093,0.41189,0.63044,0.41163,1254,158,1280,632
1753173643852,0.45060,0.41301,0.63034,0.41275,1254,158,1280,632
1753173643872,0.45061,0.41291,0.63038,0.41257,1254,158,1280,632
1753173643892,0.45061,0.41273,0.63023,0.41229,1254,158,1280,632
1753173643909,0.45053,0.41296,0.63023,0.41261,1254,158,1280,632
1753173643922,0.45072,0.41348,0.63068,0.41305,1254,158,1280,632
1753173643939,0.45117,0.41342,0.63049,0.41307,1254,158,1280,632
1753173643957,0.45126,0.41326,0.63017,0.41320,1254,158,1280,632
1753173643973,0.45119,0.41332,0.63012,0.41296,1254,158,1280,632
1753173643990,0.45130,0.41338,0.63023,0.41302,1254,158,1280,632
1753173644007,0.45118,0.41321,0.63013,0.41324,1254,158,1280,632
1753173644023,0.45117,0.41347,0.63111,0.41373,1254,158,1280,632
1753173644040,0.45117,0.41349,0.63096,0.41374,1254,158,1280,632
1753173644057,0.45119,0.41367,0.63119,0.41364,1254,158,1280,632
1753173644074,0.45125,0.41353,0.63086,0.41378,1254,158,1280,632
1753173644088,0.45132,0.41397,0.63138,0.41394,1254,158,1280,632
1753173644104,0.45142,0.41402,0.63124,0.41367,1254,158,1280,632
1753173644121,0.45117,0.41372,0.63141,0.41377,1254,158,1280,632
1753173644138,0.45143,0.41419,0.63152,0.41392,1254,158,1280,632
1753173644154,0.45117,0.41393,0.63144,0.41376,1254,158,1280,632
1753173644171,0.45157,0.41415,0.63146,0.41380,1254,158,1280,632
1753173644188,0.45087,0.41397,0.63187,0.41411,1254,158,1280,632
1753173644204,0.45155,0.41413,0.63126,0.41390,1254,158,1280,632
1753173644221,0.45097,0.41408,0.63194,0.41405,1254,158,1280,632
1753173644238,0.45132,0.41418,0.63156,0.41426,1254,158,1280,632
1753173644254,0.45112,0.41432,0.63162,0.41398,1254,158,1280,632
1753173644271,0.45161,0.41417,0.63121,0.41425,1254,158,1280,632
1753173644288,0.45138,0.41436,0.63140,0.41413,1254,158,1280,632
1753173644304,0.45144,0.41407,0.63118,0.41415,1254,158,1280,632
1753173644322,0.45132,0.41426,0.63138,0.41413,1254,158,1280,632
1753173644338,0.45149,0.41423,0.63111,0.41400,1254,158,1280,632
1753173644354,0.45081,0.41453,0.63094,0.41430,1254,158,1280,632
1753173644372,0.45070,0.41429,0.63113,0.41447,1254,158,1280,632
1753173644388,0.45082,0.41457,0.63102,0.41466,1254,158,1280,632
1753173644405,0.45065,0.41458,0.63114,0.41466,1254,158,1280,632
1753173644422,0.45063,0.41437,0.63043,0.41475,1254,158,1280,632
1753173644439,0.45058,0.41436,0.63066,0.41444,1254,158,1280,632
1753173644455,0.45042,0.41448,0.63056,0.41464,1254,158,1280,632
1753173644471,0.45063,0.41451,0.63037,0.41459,1254,158,1280,632
1753173644489,0.45033,0.41501,0.62957,0.41499,1254,158,1280,632
1753173644506,0.45047,0.41501,0.62981,0.41486,1254,158,1280,632
1753173644522,0.45061,0.41506,0.62982,0.41492,1254,158,1280,632
1753173644539,0.45056,0.41479,0.62979,0.41494,1254,158,1280,632
1753173644555,0.45051,0.41481,0.62976,0.41497,1254,158,1280,632
1753173644572,0.45051,0.41484,0.62979,0.41500,1254,158,1280,632
1753173644589,0.45028,0.41482,0.63051,0.41529,1254,158,1280,632
1753173644605,0.45043,0.41516,0.63050,0.41524,1254,158,1280,632
1753173644622,0.45048,0.41512,0.63051,0.41520,1254,158,1280,632
1753173644639,0.45034,0.41491,0.63038,0.41529,1254,158,1280,632
1753173644656,0.45040,0.41516,0.63073,0.41525,1254,158,1280,632
1753173644672,0.45044,0.41495,0.63068,0.41512,1254,158,1280,632
1753173644689,0.45048,0.41501,0.63081,0.41518,1254,158,1280,632
1753173644706,0.45031,0.41511,0.63042,0.41519,1254,158,1280,632
1753173644722,0.45057,0.41509,0.63050,0.41525,1254,158,1280,632
1753173644739,0.45051,0.41530,0.63047,0.41508,1254,158,1280,632
1753173644755,0.45015,0.41569,0.63011,0.41516,1254,158,1280,632
1753173644772,0.45020,0.41564,0.63025,0.41533,1254,158,1280,632
1753173644788,0.45017,0.41548,0.63063,0.41556,1254,158,1280,632
1753173644803,0.44950,0.41620,0.63024,0.41607,1254,158,1280,632
1753173644822,0.44989,0.41650,0.63000,0.41606,1254,158,1280,632
1753173644839,0.44957,0.41659,0.63028,0.41594,1254,158,1280,632
1753173644855,0.44983,0.41632,0.63014,0.41589,1254,158,1280,632
1753173644872,0.44967,0.41655,0.63020,0.41611,1254,158,1280,632
1753173644889,0.44964,0.41645,0.63018,0.41580,1254,158,1280,632
1753173644905,0.44973,0.41648,0.63010,0.41605,1254,158,1280,632
1753173644923,0.44925,0.41703,0.62992,0.41630,1254,158,1280,632
1753173644940,0.44913,0.41720,0.62998,0.41647,1254,158,1280,632
1753173644956,0.44917,0.41691,0.62975,0.41648,1254,158,1280,632
1753173644973,0.44908,0.41700,0.62989,0.41657,1254,158,1280,632
1753173644990,0.44881,0.41739,0.62917,0.41695,1254,158,1280,632
1753173645007,0.44882,0.41724,0.62923,0.41711,1254,158,1280,632
1753173645023,0.44866,0.41727,0.62933,0.41715,1254,158,1280,632
1753173645039,0.44885,0.41736,0.62929,0.41723,1254,158,1280,632
1753173645056,0.44884,0.41742,0.62936,0.41707,1254,158,1280,632
1753173645073,0.44869,0.41764,0.62904,0.41712,1254,158,1280,632
1753173645090,0.44875,0.41778,0.62906,0.41734,1254,158,1280,632
1753173645106,0.44862,0.41808,0.62913,0.41742,1254,158,1280,632
1753173646139,0.47707,0.42315,0.65583,0.42136,26,316,1280,632
1753173646156,0.47709,0.42300,0.65587,0.42113,26,316,1280,632
1753173646173,0.47721,0.42304,0.65578,0.42156,26,316,1280,632
1753173646189,0.47730,0.42289,0.65612,0.42132,26,316,1280,632
1753173646206,0.47655,0.42321,0.65507,0.42152,26,316,1280,632
1753173646223,0.47657,0.42302,0.65533,0.42107,26,316,1280,632
1753173646240,0.47653,0.42335,0.65521,0.42126,26,316,1280,632
1753173646256,0.47674,0.42329,0.65521,0.42121,26,316,1280,632
1753173646273,0.47826,0.42375,0.65606,0.42250,26,316,1280,632
1753173646289,0.47796,0.42348,0.65606,0.42179,26,316,1280,632
1753173646306,0.47824,0.42359,0.65633,0.42212,26,316,1280,632
1753173646322,0.47803,0.42346,0.65611,0.42177,26,316,1280,632
1753173646339,0.47871,0.42357,0.65610,0.42180,26,316,1280,632
1753173646356,0.47794,0.42310,0.65621,0.42127,26,316,1280,632
1753173646373,0.47893,0.42328,0.65609,0.42154,26,316,1280,632
1753173646389,0.47794,0.42326,0.65616,0.42153,26,316,1280,632
1753173646407,0.47888,0.42335,0.65604,0.42169,26,316,1280,632
1753173646420,0.47870,0.42343,0.65628,0.42140,26,316,1280,632
1753173646441,0.47914,0.42365,0.65644,0.42169,26,316,1280,632
1753173646460,0.47865,0.42395,0.65627,0.42190,26,316,1280,632
1753173646477,0.47940,0.42387,0.65611,0.42188,26,316,1280,632
1753173646491,0.47932,0.42365,0.65649,0.42104,26,316,1280,632
1753173646508,0.48005,0.42350,0.65610,0.42212,26,316,1280,632
1753173646524,0.47924,0.42361,0.65661,0.42091,26,316,1280,632
1753173646540,0.48008,0.42369,0.65609,0.42231,26,316,1280,632
1753173646557,0.47951,0.42355,0.65650,0.42107,26,316,1280,632
1753173646574,0.47961,0.42366,0.65625,0.42215,26,316,1280,632
1753173646592,0.47889,0.42376,0.65638,0.42127,26,316,1280,632
1753173646608,0.47853,0.42338,0.65623,0.42159,26,316,1280,632
1753173646625,0.47851,0.42343,0.65619,0.42133,26,316,1280,632
1753173646642,0.47850,0.42347,0.65616,0.42137,26,316,1280,632
1753173646656,0.47893,0.42341,0.65546,0.42072,26,316,1280,632
1753173646673,0.47798,0.42308,0.65578,0.42047,26,316,1280,632
1753173646689,0.47806,0.42312,0.65580,0.42042,26,316,1280,632
1753173646707,0.47803,0.42285,0.65557,0.42054,26,316,1280,632
1753173646723,0.47799,0.42289,0.65573,0.42058,26,316,1280,632
1753173646740,0.47806,0.42314,0.65578,0.42044,26,316,1280,632
1753173646756,0.47820,0.42317,0.65549,0.42087,26,316,1280,632
1753173646774,0.47795,0.42296,0.65543,0.42056,26,316,1280,632
1753173646790,0.47806,0.42305,0.65527,0.42096,26,316,1280,632
1753173646807,0.47758,0.42272,0.65562,0.42062,26,316,1280,632
1753173646824,0.47872,0.42311,0.65483,0.42133,26,316,1280,632
1753173646840,0.47802,0.42322,0.65504,0.42131,26,316,1280,632
1753173646857,0.47918,0.42297,0.65490,0.42181,26,316,1280,632
1753173646874,0.47725,0.42297,0.65493,0.42075,26,316,1280,632
1753173646888,0.47851,0.42327,0.65468,0.42188,26,316,1280,632
1753173646907,0.47698,0.42238,0.65516,0.42067,26,316,1280,632
1753173646924,0.47792,0.42302,0.65482,0.42102,26,316,1280,632
1753173646940,0.47704,0.42289,0.65518,0.42105,26,316,1280,632
1753173646957,0.47799,0.42309,0.65467,0.42140,26,316,1280,632
1753173646974,0.47706,0.42299,0.65502,0.42107,26,316,1280,632
1753173646990,0.47828,0.42338,0.65450,0.42139,26,316,1280,632
1753173647007,0.47771,0.42337,0.65471,0.42116,26,316,1280,632
1753173647024,0.47822,0.42333,0.65447,0.42164,26,316,1280,632
1753173647040,0.47773,0.42341,0.65471,0.42120,26,316,1280,632
1753173647057,0.47873,0.42353,0.65475,0.42206,26,316,1280,632
1753173647075,0.47752,0.42371,0.65499,0.42127,26,316,1280,632
1753173647091,0.47864,0.42345,0.65464,0.42216,26,316,1280,632
1753173647107,0.47746,0.42357,0.65496,0.42135,26,316,1280,632
1753173647124,0.47878,0.42331,0.65474,0.42192,26,316,1280,632
1753173647140,0.47717,0.42362,0.65503,0.42096,26,316,1280,632
1753173647158,0.47930,0.42415,0.65506,0.42215,26,316,1280,632
1753173647175,0.47755,0.42373,0.65532,0.42094,26,316,1280,632
1753173647192,0.47902,0.42399,0.65487,0.42208,26,316,1280,632
1753173647208,0.47754,0.42381,0.65556,0.42114,26,316,1280,632
1753173647225,0.47968,0.42479,0.65506,0.42267,26,316,1280,632
1753173647242,0.47904,0.42488,0.65533,0.42184,26,316,1280,632
1753173647258,0.47968,0.42485,0.65521,0.42282,26,316,1280,632
1753173647274,0.47913,0.42463,0.65514,0.42180,26,316,1280,632
1753173647291,0.47933,0.42492,0.65531,0.42237,26,316,1280,632
1753173647308,0.47947,0.42479,0.65498,0.42236,26,316,1280,632
1753173647325,0.47908,0.42476,0.65502,0.42272,26,316,1280,632
1753173647341,0.47939,0.42447,0.65498,0.42248,26,316,1280,632
1753173647359,0.47841,0.42506,0.65514,0.42231,26,316,1280,632
1753173647376,0.47935,0.42470,0.65494,0.42292,26,316,1280,632
1753173647392,0.47733,0.42457,0.65448,0.42242,26,316,1280,632
1753173647409,0.47876,0.42462,0.65461,0.42283,26,316,1280,632
1753173647425,0.47666,0.42417,0.65481,0.42210,26,316,1280,632
1753173647442,0.47861,0.42435,0.65460,0.42274,26,316,1280,632
1753173647459,0.47681,0.42436,0.65382,0.42222,26,316,1280,632
1753173647476,0.47772,0.42384,0.65408,0.42213,26,316,1280,632
1753173647493,0.47617,0.42415,0.65446,0.42160,26,316,1280,632
1753173647508,0.47769,0.42409,0.65401,0.42287,26,316,1280,632
1753173647525,0.47606,0.42404,0.65434,0.42140,26,316,1280,632
1753173647541,0.47785,0.42421,0.65414,0.42277,26,316,1280,632
1753173647559,0.47630,0.42375,0.65462,0.42102,26,316,1280,632
1753173647576,0.47766,0.42370,0.65421,0.42166,26,316,1280,632
1753173647592,0.47656,0.42418,0.65438,0.42142,26,316,1280,632
1753173647609,0.47758,0.42373,0.65412,0.42190,26,316,1280,632
1753173647626,0.47708,0.42336,0.65540,0.42081,26,316,1280,632
1753173647642,0.47851,0.42351,0.65473,0.42178,26,316,1280,632
1753173647658,0.47753,0.42357,0.65512,0.42085,26,316,1280,632
1753173647675,0.47869,0.42361,0.65481,0.42148,26,316,1280,632
1753173647692,0.47792,0.42356,0.65510,0.42124,26,316,1280,632
1753173647708,0.47819,0.42384,0.65494,0.42140,26,316,1280,632
1753173647725,0.47834,0.42294,0.65574,0.41970,26,316,1280,632
1753173647741,0.48009,0.42299,0.65546,0.42112,26,316,1280,632
1753173647757,0.47850,0.42338,0.65617,0.42035,26,316,1280,632
1753173647774,0.48029,0.42294,0.65555,0.42158,26,316,1280,632
1753173647790,0.47929,0.42276,0.65675,0.41982,26,316,1280,632
1753173647807,0.48056,0.42270,0.65632,0.42104,26,316,1280,632
1753173647824,0.47929,0.42320,0.65696,0.42057,26,316,1280,632
1753173647840,0.48018,0.42291,0.65625,0.42124,26,316,1280,632
1753173647857,0.47914,0.42315,0.65689,0.42072,26,316,1280,632
1753173647874,0.47991,0.42302,0.65638,0.42104,26,316,1280,632
1753173647890,0.47912,0.42278,0.65749,0.42035,26,316,1280,632
1753173647907,0.47988,0.42267,0.65659,0.42138,26,316,1280,632
1753173647925,0.47944,0.42299,0.65694,0.42100,26,316,1280,632
1753173647940,0.48007,0.42326,0.65657,0.42158,26,316,1280,632
1753173647960,0.47945,0.42322,0.65725,0.42101,26,316,1280,632
1753173647978,0.48022,0.42316,0.65666,0.42157,26,316,1280,632
1753173647996,0.47961,0.42292,0.65723,0.42062,26,316,1280,632
1753173648009,0.47967,0.42297,0.65656,0.42147,26,316,1280,632
1753173648026,0.47919,0.42285,0.65730,0.42085,26,316,1280,632
1753173648043,0.47936,0.42288,0.65685,0.42189,26,316,1280,632
1753173648060,0.47922,0.42264,0.65716,0.42117,26,316,1280,632
1753173648076,0.47961,0.42282,0.65686,0.42205,26,316,1280,632
1753173648093,0.47913,0.42287,0.65714,0.42088,26,316,1280,632
1753173648110,0.47942,0.42284,0.65734,0.42237,26,316,1280,632
1753173648127,0.47937,0.42284,0.65738,0.42185,26,316,1280,632
1753173648143,0.47989,0.42317,0.65736,0.42262,26,316,1280,632
1753173648160,0.47926,0.42268,0.65742,0.42212,26,316,1280,632
1753173648174,0.47995,0.42281,0.65722,0.42226,26,316,1280,632
1753173648192,0.47953,0.42287,0.65704,0.42210,26,316,1280,632
1753173648209,0.47956,0.42294,0.65704,0.42247,26,316,1280,632
1753173648226,0.47963,0.42292,0.65731,0.42236,26,316,1280,632
1753173648242,0.47960,0.42293,0.65709,0.42216,26,316,1280,632
1753173648259,0.47957,0.42299,0.65703,0.42222,26,316,1280,632
1753173648276,0.47975,0.42296,0.65700,0.42189,26,316,1280,632
1753173648292,0.47998,0.42288,0.65704,0.42242,26,316,1280,632
1753173648309,0.47957,0.42273,0.65706,0.42196,26,316,1280,632
1753173648326,0.48023,0.42284,0.65693,0.42238,26,316,1280,632
1753173648342,0.47876,0.42256,0.65711,0.42209,26,316,1280,632
1753173648359,0.47919,0.42284,0.65678,0.42220,26,316,1280,632
1753173648375,0.47873,0.42262,0.65696,0.42245,26,316,1280,632
1753173648391,0.47919,0.42279,0.65704,0.42214,26,316,1280,632
1753173648408,0.47887,0.42273,0.65692,0.42226,26,316,1280,632
1753173648425,0.47876,0.42263,0.65695,0.42207,26,316,1280,632
1753173648441,0.47875,0.42268,0.65631,0.42151,26,316,1280,632
1753173648457,0.47821,0.42244,0.65648,0.42136,26,316,1280,632
1753173648474,0.47828,0.42271,0.65656,0.42163,26,316,1280,632
1753173648491,0.47857,0.42268,0.65641,0.42161,26,316,1280,632
1753173648509,0.47830,0.42244,0.65523,0.42054,26,316,1280,632
1753173648526,0.47827,0.42263,0.65580,0.42043,26,316,1280,632
1753173648542,0.47801,0.42262,0.65580,0.42059,26,316,1280,632
1753173648559,0.47781,0.42239,0.65567,0.42057,26,316,1280,632
1753173648576,0.47774,0.42280,0.65521,0.42108,26,316,1280,632
1753173648592,0.47680,0.42239,0.65539,0.42004,26,316,1280,632
1753173648609,0.47707,0.42256,0.65533,0.42092,26,316,1280,632
1753173648625,0.47686,0.42268,0.65544,0.42002,26,316,1280,632
1753173648642,0.47701,0.42263,0.65528,0.42077,26,316,1280,632
1753173648659,0.47695,0.42266,0.65550,0.41992,26,316,1280,632
1753173648675,0.47637,0.42285,0.65464,0.42090,26,316,1280,632
1753173648692,0.47587,0.42248,0.65466,0.42000,26,316,1280,632
1753173648708,0.47625,0.42271,0.65490,0.42067,26,316,1280,632
1753173648725,0.47592,0.42262,0.65460,0.42053,26,316,1280,632
1753173648742,0.47612,0.42320,0.65346,0.42087,26,316,1280,632
1753173648759,0.47542,0.42248,0.65386,0.42075,26,316,1280,632
1753173648776,0.47626,0.42297,0.65365,0.42094,26,316,1280,632
1753173648792,0.47541,0.42277,0.65416,0.42060,26,316,1280,632
1753173648809,0.47663,0.42323,0.65366,0.42121,26,316,1280,632
1753173648826,0.47529,0.42285,0.65399,0.42037,26,316,1280,632
1753173648843,0.47683,0.42326,0.65251,0.42164,26,316,1280,632
1753173648859,0.47517,0.42342,0.65316,0.42104,26,316,1280,632
1753173648876,0.47605,0.42316,0.65287,0.42163,26,316,1280,632
1753173648892,0.47554,0.42334,0.65294,0.42109,26,316,1280,632
1753173648909,0.47573,0.42322,0.65271,0.42190,26,316,1280,632
1753173648926,0.47451,0.42318,0.65298,0.42061,26,316,1280,632
1753173648943,0.47529,0.42320,0.65300,0.42234,26,316,1280,632
1753173648960,0.47458,0.42329,0.65303,0.42081,26,316,1280,632
1753173648976,0.47527,0.42347,0.65320,0.42200,26,316,1280,632
1753173648992,0.47471,0.42346,0.65299,0.42099,26,316,1280,632
1753173649010,0.47499,0.42328,0.65219,0.42205,26,316,1280,632
1753173649026,0.47416,0.42335,0.65226,0.42088,26,316,1280,632
1753173649042,0.47529,0.42334,0.65228,0.42231,26,316,1280,632
1753173649059,0.47408,0.42334,0.65236,0.42078,26,316,1280,632
1753173649076,0.47552,0.42372,0.65178,0.42240,26,316,1280,632
1753173649093,0.47327,0.42357,0.65192,0.42135,26,316,1280,632
1753173649109,0.47439,0.42380,0.65196,0.42204,26,316,1280,632
1753173649126,0.47354,0.42356,0.65202,0.42148,26,316,1280,632
1753173649143,0.47521,0.42416,0.65165,0.42280,26,316,1280,632
1753173650175,0.47239,0.42275,0.65120,0.42039,320,316,1280,632
1753173650192,0.47122,0.42292,0.65197,0.42017,320,316,1280,632
1753173650209,0.47223,0.42272,0.65161,0.42035,320,316,1280,632
1753173650225,0.47166,0.42292,0.65178,0.42011,320,316,1280,632
1753173650242,0.47195,0.42281,0.65181,0.42013,320,316,1280,632
1753173650259,0.47165,0.42271,0.65202,0.41997,320,316,1280,632
1753173650275,0.47145,0.42222,0.65210,0.42051,320,316,1280,632
1753173650292,0.47127,0.42235,0.65201,0.42056,320,316,1280,632
1753173650309,0.47184,0.42254,0.65157,0.41990,320,316,1280,632
1753173650325,0.47110,0.42229,0.65214,0.42059,320,316,1280,632
1753173650343,0.47196,0.42223,0.65156,0.42021,320,316,1280,632
1753173650360,0.47128,0.42223,0.65207,0.42044,320,316,1280,632
1753173650376,0.47207,0.42249,0.65178,0.42003,320,316,1280,632
1753173650393,0.47138,0.42205,0.65222,0.42044,320,316,1280,632
1753173650410,0.47211,0.42209,0.65224,0.42001,320,316,1280,632
1753173650427,0.47157,0.42220,0.65170,0.42039,320,316,1280,632
1753173650444,0.47194,0.42224,0.65182,0.42026,320,316,1280,632
1753173650460,0.47159,0.42225,0.65171,0.42044,320,316,1280,632
1753173650477,0.47217,0.42219,0.65158,0.42013,320,316,1280,632
1753173650494,0.47144,0.42217,0.65178,0.42027,320,316,1280,632
1753173650511,0.47217,0.42221,0.65180,0.41985,320,316,1280,632
1753173650527,0.47121,0.42220,0.65132,0.42061,320,316,1280,632
1753173650544,0.47097,0.42175,0.65165,0.42066,320,316,1280,632
1753173650562,0.47069,0.42195,0.65156,0.42087,320,316,1280,632
1753173650578,0.47097,0.42192,0.65151,0.42037,320,316,1280,632
1753173650595,0.47055,0.42163,0.65132,0.41994,320,316,1280,632
1753173650612,0.47160,0.42145,0.65116,0.41992,320,316,1280,632
1753173650628,0.47136,0.42153,0.65116,0.41994,320,316,1280,632
1753173650645,0.47209,0.42155,0.65128,0.42010,320,316,1280,632
1753173650662,0.47130,0.42176,0.65113,0.42018,320,316,1280,632
1753173650678,0.47198,0.42159,0.65110,0.41993,320,316,1280,632
1753173650695,0.47125,0.42159,0.65111,0.42031,320,316,1280,632
1753173650712,0.47225,0.42157,0.65112,0.42013,320,316,1280,632
1753173650728,0.47163,0.42146,0.65119,0.41979,320,316,1280,632
1753173650745,0.47193,0.42161,0.65105,0.42026,320,316,1280,632
1753173650762,0.47171,0.42151,0.65134,0.41985,320,316,1280,632
1753173650778,0.47216,0.42150,0.65124,0.41937,320,316,1280,632
1753173650795,0.47148,0.42140,0.65130,0.41981,320,316,1280,632
1753173650812,0.47213,0.42158,0.65118,0.41945,320,316,1280,632
1753173650829,0.47149,0.42129,0.65131,0.41962,320,316,1280,632
1753173650845,0.47184,0.42101,0.65155,0.41947,320,316,1280,632
1753173650861,0.47135,0.42094,0.65134,0.41958,320,316,1280,632
1753173650877,0.47159,0.42091,0.65154,0.41928,320,316,1280,632
1753173650894,0.47142,0.42094,0.65141,0.41958,320,316,1280,632
1753173650909,0.47155,0.42069,0.65151,0.41946,320,316,1280,632
1753173650927,0.47165,0.42118,0.65070,0.41945,320,316,1280,632
1753173650943,0.47123,0.42072,0.65086,0.41950,320,316,1280,632
1753173650960,0.47065,0.42075,0.65073,0.41969,320,316,1280,632
1753173650976,0.47120,0.42082,0.65088,0.41951,320,316,1280,632
1753173650993,0.47116,0.42064,0.65014,0.41900,320,316,1280,632
1753173651009,0.47138,0.42088,0.65016,0.41884,320,316,1280,632
1753173651026,0.47073,0.42061,0.65018,0.41873,320,316,1280,632
1753173651042,0.47127,0.42080,0.65019,0.41898,320,316,1280,632
1753173651059,0.47108,0.42069,0.65023,0.41874,320,316,1280,632
1753173651077,0.47113,0.42078,0.65002,0.41883,320,316,1280,632
1753173651094,0.47095,0.42078,0.64958,0.41936,320,316,1280,632
1753173651110,0.46998,0.42051,0.64983,0.41898,320,316,1280,632
1753173651127,0.46988,0.42050,0.64997,0.41897,320,316,1280,632
1753173651144,0.47002,0.42090,0.64965,0.41915,320,316,1280,632
1753173651160,0.46933,0.42069,0.64965,0.41901,320,316,1280,632
1753173651177,0.46923,0.42045,0.64989,0.41921,320,316,1280,632
1753173651194,0.46938,0.42083,0.64980,0.41907,320,316,1280,632
1753173651210,0.46911,0.42061,0.64995,0.41914,320,316,1280,632
1753173651227,0.46929,0.42088,0.64986,0.41934,320,316,1280,632
1753173651244,0.46950,0.42070,0.64960,0.41886,320,316,1280,632
1753173651260,0.46913,0.42055,0.64979,0.41918,320,316,1280,632
1753173651277,0.46919,0.42092,0.64976,0.41886,320,316,1280,632
1753173651294,0.46914,0.42069,0.64995,0.41931,320,316,1280,632
1753173651308,0.46923,0.42057,0.65023,0.41962,320,316,1280,632
1753173651327,0.46964,0.42043,0.65006,0.41971,320,316,1280,632
1753173651344,0.46938,0.42075,0.65000,0.41959,320,316,1280,632
1753173651360,0.46971,0.42051,0.65016,0.41941,320,316,1280,632
1753173651377,0.46931,0.42044,0.65033,0.41937,320,316,1280,632
1753173651394,0.47019,0.42057,0.65008,0.41909,320,316,1280,632
1753173651411,0.46971,0.42073,0.64981,0.41907,320,316,1280,632
1753173651427,0.47014,0.42071,0.64984,0.41902,320,316,1280,632
1753173651444,0.47011,0.42070,0.64980,0.41926,320,316,1280,632
1753173651460,0.47005,0.42060,0.64997,0.41908,320,316,1280,632
1753173651475,0.47001,0.42062,0.65029,0.41940,320,316,1280,632
1753173651493,0.47051,0.42059,0.65035,0.41919,320,316,1280,632
1753173651510,0.47039,0.42064,0.65005,0.41912,320,316,1280,632
1753173651528,0.47035,0.42064,0.65025,0.41911,320,316,1280,632
1753173651545,0.47031,0.42063,0.65067,0.41940,320,316,1280,632
1753173651561,0.47116,0.42102,0.65056,0.41920,320,316,1280,632
1753173651578,0.47148,0.42084,0.65029,0.41903,320,316,1280,632
1753173651594,0.47103,0.42081,0.65059,0.41907,320,316,1280,632
1753173651610,0.47150,0.42090,0.65034,0.41917,320,316,1280,632
1753173651627,0.47154,0.42081,0.65042,0.41909,320,316,1280,632
1753173651644,0.47163,0.42093,0.65101,0.41881,320,316,1280,632
1753173651660,0.47190,0.42101,0.65111,0.41889,320,316,1280,632
1753173651677,0.47199,0.42090,0.65098,0.41926,320,316,1280,632
1753173651694,0.47214,0.42101,0.65109,0.41881,320,316,1280,632
1753173651711,0.47164,0.42063,0.65113,0.41912,320,316,1280,632
1753173651728,0.47179,0.42062,0.65111,0.41902,320,316,1280,632
1753173651745,0.47158,0.42057,0.65108,0.41927,320,316,1280,632
1753173651761,0.47174,0.42058,0.65101,0.41929,320,316,1280,632
1753173651777,0.47186,0.42067,0.65096,0.41938,320,316,1280,632
1753173651794,0.47158,0.42053,0.65090,0.41923,320,316,1280,632
1753173651811,0.47184,0.42070,0.65116,0.41910,320,316,1280,632
1753173651827,0.47159,0.42046,0.65118,0.41916,320,316,1280,632
1753173651844,0.47181,0.42075,0.65103,0.41915,320,316,1280,632
1753173651861,0.47161,0.42048,0.65101,0.41897,320,316,1280,632
1753173651878,0.47144,0.42049,0.65162,0.41931,320,316,1280,632
1753173651895,0.47122,0.42053,0.65161,0.41952,320,316,1280,632
1753173651911,0.47136,0.42052,0.65162,0.41926,320,316,1280,632
1753173651928,0.47123,0.42062,0.65162,0.41952,320,316,1280,632
1753173651945,0.47158,0.42053,0.65196,0.41965,320,316,1280,632
1753173651961,0.47186,0.42042,0.65197,0.41933,320,316,1280,632
1753173651978,0.47214,0.42064,0.65183,0.41925,320,316,1280,632
1753173651995,0.47206,0.42073,0.65181,0.41925,320,316,1280,632
1753173652011,0.47170,0.42063,0.65191,0.41963,320,316,1280,632
1753173652028,0.47187,0.42054,0.65180,0.41937,320,316,1280,632
1753173652045,0.47167,0.42035,0.65183,0.41926,320,316,1280,632
1753173652061,0.47194,0.42047,0.65169,0.41900,320,316,1280,632
1753173652078,0.47179,0.42019,0.65157,0.41911,320,316,1280,632
1753173652095,0.47178,0.42032,0.65160,0.41915,320,316,1280,632
1753173652111,0.47177,0.42022,0.65155,0.41853,320,316,1280,632
1753173652128,0.47170,0.42007,0.65141,0.41869,320,316,1280,632
1753173652145,0.47184,0.42018,0.65151,0.41879,320,316,1280,632
1753173652162,0.47155,0.42010,0.65148,0.41871,320,316,1280,632
1753173652179,0.47175,0.42029,0.65164,0.41868,320,316,1280,632
1753173652195,0.47178,0.42011,0.65148,0.41872,320,316,1280,632
1753173652211,0.47207,0.42042,0.65109,0.41813,320,316,1280,632
1753173652228,0.47134,0.42018,0.65129,0.41857,320,316,1280,632
1753173652244,0.47122,0.42025,0.65126,0.41842,320,316,1280,632
1753173652260,0.47142,0.42045,0.65119,0.41815,320,316,1280,632
1753173652277,0.47137,0.42024,0.65072,0.41812,320,316,1280,632
1753173652294,0.47101,0.41986,0.65087,0.41839,320,316,1280,632
1753173652310,0.47091,0.41994,0.65068,0.41833,320,316,1280,632
1753173652327,0.47125,0.41981,0.65084,0.41834,320,316,1280,632
1753173652344,0.47086,0.42027,0.65056,0.41814,320,316,1280,632
1753173652360,0.47134,0.42002,0.65074,0.41825,320,316,1280,632
1753173652379,0.47089,0.41957,0.65064,0.41835,320,316,1280,632
1753173652399,0.47149,0.41962,0.65071,0.41807,320,316,1280,632
1753173652416,0.47095,0.41951,0.65082,0.41859,320,316,1280,632
1753173652430,0.47111,0.41942,0.65147,0.41855,320,316,1280,632
1753173652447,0.47166,0.42013,0.65114,0.41854,320,316,1280,632
1753173652463,0.47191,0.41984,0.65132,0.41859,320,316,1280,632
1753173652480,0.47180,0.41977,0.65132,0.41848,320,316,1280,632
1753173652497,0.47151,0.41983,0.65129,0.41853,320,316,1280,632
1753173652514,0.47177,0.41951,0.65243,0.41855,320,316,1280,632
1753173652531,0.47202,0.41997,0.65244,0.41896,320,316,1280,632
1753173652548,0.47187,0.41982,0.65234,0.41865,320,316,1280,632
1753173652565,0.47202,0.41960,0.65235,0.41851,320,316,1280,632
1753173652582,0.47175,0.41972,0.65244,0.41871,320,316,1280,632
1753173652595,0.47258,0.41921,0.65350,0.41864,320,316,1280,632
1753173652611,0.47317,0.41940,0.65304,0.41845,320,316,1280,632
1753173652628,0.47288,0.41907,0.65315,0.41829,320,316,1280,632
1753173652646,0.47318,0.41929,0.65299,0.41843,320,316,1280,632
1753173652661,0.47296,0.41900,0.65283,0.41853,320,316,1280,632
1753173652678,0.47335,0.41908,0.65345,0.41822,320,316,1280,632
1753173652695,0.47426,0.41942,0.65303,0.41870,320,316,1280,632
1753173652711,0.47431,0.41932,0.65314,0.41860,320,316,1280,632
1753173652728,0.47419,0.41933,0.65342,0.41848,320,316,1280,632
1753173652744,0.47416,0.41926,0.65339,0.41863,320,316,1280,632
1753173652762,0.47370,0.41869,0.65360,0.41804,320,316,1280,632
1753173652779,0.47362,0.41864,0.65347,0.41800,320,316,1280,632
1753173652796,0.47353,0.41866,0.65360,0.41801,320,316,1280,632
1753173652811,0.47349,0.41868,0.65379,0.41803,320,316,1280,632
1753173652828,0.47345,0.41870,0.65374,0.41805,320,316,1280,632
1753173652845,0.47336,0.41850,0.65365,0.41825,320,316,1280,632
1753173652861,0.47348,0.41880,0.65378,0.41837,320,316,1280,632
1753173652878,0.47325,0.41885,0.65353,0.41829,320,316,1280,632
1753173652895,0.47368,0.41855,0.65356,0.41826,320,316,1280,632
1753173652911,0.47295,0.41850,0.65372,0.41824,320,316,1280,632
1753173652928,0.47349,0.41888,0.65353,0.41815,320,316,1280,632
1753173652945,0.47340,0.41882,0.65339,0.41835,320,316,1280,632
1753173652962,0.47385,0.41891,0.65329,0.41837,320,316,1280,632
1753173652978,0.47381,0.41884,0.65352,0.41829,320,316,1280,632
1753173652992,0.47357,0.41895,0.65305,0.41788,320,316,1280,632
1753173653012,0.47273,0.41875,0.65340,0.41802,320,316,1280,632
1753173653028,0.47277,0.41887,0.65329,0.41809,320,316,1280,632
1753173653045,0.47314,0.41877,0.65312,0.41804,320,316,1280,632
1753173653062,0.47286,0.41847,0.65345,0.41804,320,316,1280,632
1753173653079,0.47296,0.41866,0.65318,0.41810,320,316,1280,632
1753173653095,0.47306,0.41869,0.65340,0.41813,320,316,1280,632
1753173653112,0.47326,0.41881,0.65337,0.41808,320,316,1280,632
1753173653128,0.47304,0.41851,0.65328,0.41817,320,316,1280,632
1753173653145,0.47297,0.41877,0.65338,0.41782,320,316,1280,632
1753173653162,0.47306,0.41865,0.65351,0.41778,320,316,1280,632
1753173653179,0.47339,0.41860,0.65360,0.41757,320,316,1280,632
1753173654211,0.46521,0.41958,0.64581,0.41881,640,316,1280,632
1753173654229,0.46509,0.41936,0.64588,0.41880,640,316,1280,632
1753173654245,0.46541,0.41995,0.64574,0.41901,640,316,1280,632
1753173654262,0.46513,0.41935,0.64598,0.41918,640,316,1280,632
1753173654276,0.46540,0.41899,0.64622,0.41904,640,316,1280,632
1753173654296,0.46553,0.41979,0.64638,0.41915,640,316,1280,632
1753173654313,0.46562,0.41928,0.64648,0.41912,640,316,1280,632
1753173654329,0.46537,0.41923,0.64643,0.41898,640,316,1280,632
1753173654346,0.46633,0.41884,0.64669,0.41859,640,316,1280,632
1753173654363,0.46656,0.41940,0.64689,0.41876,640,316,1280,632
1753173654380,0.46652,0.41926,0.64687,0.41871,640,316,1280,632
1753173654396,0.46664,0.41881,0.64697,0.41865,640,316,1280,632
1753173654413,0.46639,0.41877,0.64692,0.41882,640,316,1280,632
1753173654430,0.46637,0.41903,0.64692,0.41878,640,316,1280,632
1753173654446,0.46660,0.41848,0.64689,0.41853,640,316,1280,632
1753173654463,0.46694,0.41919,0.64685,0.41885,640,316,1280,632
1753173654480,0.46696,0.41912,0.64678,0.41887,640,316,1280,632
1753173654497,0.46680,0.41889,0.64691,0.41856,640,316,1280,632
1753173654514,0.46679,0.41839,0.64670,0.41875,640,316,1280,632
1753173654531,0.46691,0.41839,0.64693,0.41844,640,316,1280,632
1753173654548,0.46665,0.41860,0.64702,0.41848,640,316,1280,632
1753173654564,0.46671,0.41835,0.64706,0.41841,640,316,1280,632
1753173654581,0.46666,0.41861,0.64697,0.41859,640,316,1280,632
1753173654597,0.46666,0.41828,0.64699,0.41825,640,316,1280,632
1753173654615,0.46675,0.41845,0.64705,0.41820,640,316,1280,632
1753173654631,0.46666,0.41826,0.64700,0.41793,640,316,1280,632
1753173654648,0.46670,0.41861,0.64687,0.41828,640,316,1280,632
1753173654665,0.46656,0.41856,0.64694,0.41801,640,316,1280,632
1753173654682,0.46648,0.41842,0.64688,0.41870,640,316,1280,632
1753173654698,0.46655,0.41857,0.64683,0.41846,640,316,1280,632
1753173654714,0.46662,0.41872,0.64669,0.41860,640,316,1280,632
1753173654731,0.46652,0.41852,0.64677,0.41858,640,316,1280,632
1753173654747,0.46668,0.41868,0.64668,0.41857,640,316,1280,632
1753173654764,0.46652,0.41856,0.64680,0.41845,640,316,1280,632
1753173654781,0.46637,0.41840,0.64689,0.41829,640,316,1280,632
1753173654797,0.46641,0.41880,0.64680,0.41808,640,316,1280,632
1753173654814,0.46643,0.41853,0.64686,0.41820,640,316,1280,632
1753173654831,0.46648,0.41858,0.64705,0.41816,640,316,1280,632
1753173654847,0.46639,0.41861,0.64700,0.41828,640,316,1280,632
1753173654864,0.46632,0.41859,0.64699,0.41834,640,316,1280,632
1753173654881,0.46647,0.41823,0.64706,0.41807,640,316,1280,632
1753173654897,0.46645,0.41848,0.64701,0.41793,640,316,1280,632
1753173654915,0.46646,0.41823,0.64677,0.41829,640,316,1280,632
1753173654932,0.46619,0.41807,0.64713,0.41834,640,316,1280,632
1753173654948,0.46619,0.41802,0.64682,0.41838,640,316,1280,632
1753173654965,0.46637,0.41776,0.64697,0.41812,640,316,1280,632
1753173654982,0.46630,0.41772,0.64691,0.41808,640,316,1280,632
1753173654998,0.46630,0.41777,0.64689,0.41813,640,316,1280,632
1753173655015,0.46601,0.41803,0.64684,0.41839,640,316,1280,632
1753173655033,0.46601,0.41776,0.64705,0.41834,640,316,1280,632
1753173655049,0.46618,0.41803,0.64701,0.41861,640,316,1280,632
1753173655065,0.46613,0.41820,0.64697,0.41839,640,316,1280,632
1753173655082,0.46553,0.41878,0.64684,0.41867,640,316,1280,632
1753173655099,0.46556,0.41894,0.64651,0.41843,640,316,1280,632
1753173655115,0.46563,0.41898,0.64655,0.41856,640,316,1280,632
1753173655133,0.46546,0.41888,0.64657,0.41846,640,316,1280,632
1753173655149,0.46557,0.41893,0.64651,0.41851,640,316,1280,632
1753173655166,0.46546,0.41883,0.64659,0.41871,640,316,1280,632
1753173655184,0.46492,0.41958,0.64583,0.41916,640,316,1280,632
1753173655201,0.46489,0.41894,0.64575,0.41861,640,316,1280,632
1753173655217,0.46486,0.41910,0.64579,0.41886,640,316,1280,632
1753173655234,0.46493,0.41873,0.64572,0.41870,640,316,1280,632
1753173655251,0.46426,0.41999,0.64549,0.41944,640,316,1280,632
1753173655267,0.46434,0.41887,0.64533,0.41884,640,316,1280,632
1753173655283,0.46405,0.42009,0.64525,0.41907,640,316,1280,632
1753173655299,0.46429,0.41909,0.64547,0.41898,640,316,1280,632
1753173655316,0.46409,0.41993,0.64548,0.41929,640,316,1280,632
1753173655329,0.46413,0.41907,0.64530,0.41926,640,316,1280,632
1753173655347,0.46433,0.42000,0.64526,0.41975,640,316,1280,632
1753173655363,0.46422,0.41879,0.64517,0.41906,640,316,1280,632
1753173655379,0.46421,0.41984,0.64505,0.41950,640,316,1280,632
1753173655397,0.46426,0.41911,0.64519,0.41908,640,316,1280,632
1753173655414,0.46435,0.41956,0.64544,0.41930,640,316,1280,632
1753173655430,0.46422,0.41910,0.64548,0.41885,640,316,1280,632
1753173655447,0.46436,0.41984,0.64529,0.41929,640,316,1280,632
1753173655464,0.46429,0.41895,0.64528,0.41879,640,316,1280,632
1753173655480,0.46508,0.41897,0.64575,0.41902,640,316,1280,632
1753173655496,0.46489,0.41874,0.64586,0.41932,640,316,1280,632
1753173655514,0.46538,0.41978,0.64592,0.41922,640,316,1280,632
1753173655530,0.46500,0.41879,0.64612,0.41914,640,316,1280,632
1753173655547,0.46539,0.41962,0.64591,0.41937,640,316,1280,632
1753173655564,0.46507,0.41878,0.64604,0.41913,640,316,1280,632
1753173655581,0.46596,0.41842,0.64668,0.41877,640,316,1280,632
1753173655597,0.46621,0.41844,0.64690,0.41910,640,316,1280,632
1753173655615,0.46599,0.41872,0.64700,0.41929,640,316,1280,632
1753173655628,0.46633,0.41777,0.64713,0.41865,640,316,1280,632
1753173655647,0.46656,0.41848,0.64725,0.41897,640,316,1280,632
1753173655664,0.46639,0.41815,0.64738,0.41894,640,316,1280,632
1753173655680,0.46634,0.41830,0.64716,0.41918,640,316,1280,632
1753173655697,0.46639,0.41819,0.64736,0.41898,640,316,1280,632
1753173655715,0.46647,0.41844,0.64723,0.41901,640,316,1280,632
1753173655731,0.46648,0.41838,0.64722,0.41879,640,316,1280,632
1753173655748,0.46633,0.41794,0.64736,0.41873,640,316,1280,632
1753173655765,0.46647,0.41820,0.64729,0.41891,640,316,1280,632
1753173655781,0.46634,0.41832,0.64728,0.41864,640,316,1280,632
1753173655799,0.46650,0.41852,0.64749,0.41884,640,316,1280,632
1753173655816,0.46637,0.41829,0.64757,0.41878,640,316,1280,632
1753173655832,0.46643,0.41862,0.64755,0.41850,640,316,1280,632
1753173655849,0.46659,0.41842,0.64745,0.41853,640,316,1280,632
1753173655866,0.46652,0.41836,0.64763,0.41846,640,316,1280,632
1753173655882,0.46650,0.41851,0.64739,0.41861,640,316,1280,632
1753173655898,0.46629,0.41878,0.64739,0.41927,640,316,1280,632
1753173655915,0.46608,0.41878,0.64732,0.41897,640,316,1280,632
1753173655931,0.46637,0.41881,0.64708,0.41899,640,316,1280,632
1753173655948,0.46625,0.41871,0.64715,0.41890,640,316,1280,632
1753173655965,0.46592,0.41936,0.64661,0.41946,640,316,1280,632
1753173655982,0.46556,0.41902,0.64686,0.41912,640,316,1280,632
1753173655998,0.46573,0.41926,0.64678,0.41936,640,316,1280,632
1753173656015,0.46561,0.41894,0.64666,0.41934,640,316,1280,632
1753173656032,0.46494,0.41963,0.64618,0.41973,640,316,1280,632
1753173656049,0.46481,0.41970,0.64630,0.41950,640,316,1280,632
1753173656065,0.46498,0.41963,0.64635,0.41951,640,316,1280,632
1753173656081,0.46487,0.41953,0.64642,0.41941,640,316,1280,632
1753173656098,0.46485,0.41946,0.64638,0.41965,640,316,1280,632
1753173656115,0.46508,0.41937,0.64634,0.41955,640,316,1280,632
1753173656131,0.46508,0.42002,0.64617,0.41960,640,316,1280,632
1753173656147,0.46504,0.41950,0.64629,0.41969,640,316,1280,632
1753173656164,0.46512,0.42015,0.64615,0.41964,640,316,1280,632
1753173656180,0.46507,0.41975,0.64620,0.41932,640,316,1280,632
1753173656198,0.46509,0.41961,0.64636,0.41949,640,316,1280,632
1753173656214,0.46525,0.41968,0.64649,0.41956,640,316,1280,632
1753173656230,0.46523,0.41976,0.64647,0.41973,640,316,1280,632
1753173656247,0.46492,0.41956,0.64658,0.41944,640,316,1280,632
1753173656264,0.46519,0.41979,0.64637,0.41998,640,316,1280,632
1753173656280,0.46506,0.41958,0.64656,0.41946,640,316,1280,632
1753173656298,0.46524,0.41945,0.64644,0.41963,640,316,1280,632
1753173656314,0.46542,0.42008,0.64665,0.41979,640,316,1280,632
1753173656330,0.46539,0.41982,0.64637,0.41953,640,316,1280,632
1753173656348,0.46518,0.41995,0.64661,0.41966,640,316,1280,632
1753173656365,0.46503,0.41974,0.64646,0.41953,640,316,1280,632
1753173656381,0.46493,0.41969,0.64642,0.41970,640,316,1280,632
1753173656397,0.46492,0.41977,0.64638,0.41965,640,316,1280,632
1753173656414,0.46510,0.41951,0.64635,0.41961,640,316,1280,632
1753173656430,0.46495,0.41972,0.64639,0.41952,640,316,1280,632
1753173656448,0.46496,0.41968,0.64646,0.41969,640,316,1280,632
1753173656465,0.46523,0.41996,0.64602,0.42006,640,316,1280,632
1753173656481,0.46515,0.41983,0.64631,0.41962,640,316,1280,632
1753173656498,0.46505,0.41969,0.64631,0.41935,640,316,1280,632
1753173656515,0.46530,0.41965,0.64630,0.41954,640,316,1280,632
1753173656532,0.46519,0.42045,0.64648,0.42064,640,316,1280,632
1753173656549,0.46544,0.41984,0.64642,0.42094,640,316,1280,632
1753173656566,0.46533,0.42032,0.64644,0.42064,640,316,1280,632
1753173656583,0.46526,0.42029,0.64634,0.42070,640,316,1280,632
1753173656599,0.46519,0.42139,0.64650,0.42141,640,316,1280,632
1753173656616,0.46556,0.42098,0.64665,0.42117,640,316,1280,632
1753173656632,0.46555,0.42105,0.64660,0.42124,640,316,1280,632
1753173656649,0.46552,0.42103,0.64658,0.42121,640,316,1280,632
1753173656666,0.46554,0.42090,0.64661,0.42131,640,316,1280,632
1753173656683,0.46537,0.42089,0.64667,0.42099,640,316,1280,632
1753173656700,0.46559,0.42158,0.64713,0.42177,640,316,1280,632
1753173656717,0.46578,0.42175,0.64723,0.42193,640,316,1280,632
1753173656733,0.46596,0.42188,0.64699,0.42198,640,316,1280,632
1753173656749,0.46589,0.42189,0.64706,0.42229,640,316,1280,632
1753173656766,0.46642,0.42115,0.64755,0.42195,640,316,1280,632
1753173656782,0.46628,0.42163,0.64761,0.42195,640,316,1280,632
1753173656799,0.46631,0.42158,0.64776,0.42199,640,316,1280,632
1753173656816,0.46630,0.42126,0.64753,0.42228,640,316,1280,632
1753173656832,0.46651,0.42151,0.64754,0.42200,640,316,1280,632
1753173656849,0.46635,0.42161,0.64775,0.42224,640,316,1280,632
1753173656866,0.46636,0.42128,0.64789,0.42200,640,316,1280,632
1753173656883,0.46658,0.42135,0.64808,0.42212,640,316,1280,632
1753173656900,0.46652,0.42142,0.64803,0.42196,640,316,1280,632
1753173656916,0.46642,0.42145,0.64788,0.42208,640,316,1280,632
1753173656933,0.46650,0.42082,0.64838,0.42167,640,316,1280,632
1753173656950,0.46687,0.42096,0.64817,0.42211,640,316,1280,632
1753173656967,0.46659,0.42084,0.64832,0.42169,640,316,1280,632
1753173656983,0.46678,0.42101,0.64806,0.42185,640,316,1280,632
1753173657001,0.46655,0.42088,0.64826,0.42173,640,316,1280,632
1753173657015,0.46675,0.42105,0.64801,0.42190,640,316,1280,632
1753173657032,0.46669,0.42093,0.64838,0.42178,640,316,1280,632
1753173657048,0.46674,0.42089,0.64803,0.42196,640,316,1280,632
1753173657065,0.46676,0.42114,0.64826,0.42199,640,316,1280,632
1753173657081,0.46662,0.42083,0.64812,0.42199,640,316,1280,632
1753173657098,0.46670,0.42089,0.64798,0.42166,640,316,1280,632
1753173657115,0.46666,0.42078,0.64814,0.42154,640,316,1280,632
1753173657131,0.46663,0.42078,0.64807,0.42141,640,316,1280,632
1753173657149,0.46654,0.42048,0.64807,0.42163,640,316,1280,632
1753173657166,0.46663,0.42062,0.64780,0.42147,640,316,1280,632
1753173657183,0.46648,0.42038,0.64805,0.42154,640,316,1280,632
1753173657199,0.46650,0.42073,0.64817,0.42119,640,316,1280,632
1753173658232,0.45517,0.41990,0.63530,0.41920,960,316,1280,632
1753173658249,0.45522,0.41964,0.63525,0.41925,960,316,1280,632
1753173658266,0.45519,0.41963,0.63527,0.41915,960,316,1280,632
1753173658283,0.45529,0.42003,0.63467,0.41972,960,316,1280,632
1753173658299,0.45529,0.42047,0.63464,0.41956,960,316,1280,632
1753173658315,0.45514,0.41992,0.63475,0.41962,960,316,1280,632
1753173658333,0.45518,0.42046,0.63466,0.41969,960,316,1280,632
1753173658350,0.45521,0.41998,0.63467,0.41958,960,316,1280,632
1753173658366,0.45526,0.42059,0.63462,0.41951,960,316,1280,632
1753173658384,0.45509,0.42073,0.63413,0.42025,960,316,1280,632
1753173658400,0.45537,0.42114,0.63424,0.41975,960,316,1280,632
1753173658416,0.45524,0.42080,0.63428,0.42001,960,316,1280,632
1753173658433,0.45513,0.42085,0.63444,0.41954,960,316,1280,632
1753173658450,0.45474,0.42145,0.63383,0.41963,960,316,1280,632
1753173658466,0.45493,0.42061,0.63383,0.41969,960,316,1280,632
1753173658483,0.45474,0.42109,0.63365,0.41957,960,316,1280,632
1753173658500,0.45480,0.42093,0.63387,0.41992,960,316,1280,632
1753173658516,0.45470,0.42104,0.63387,0.41952,960,316,1280,632
1753173658533,0.45488,0.42085,0.63378,0.41963,960,316,1280,632
1753173658549,0.45454,0.42129,0.63383,0.41999,960,316,1280,632
1753173658566,0.45445,0.42128,0.63363,0.41993,960,316,1280,632
1753173658583,0.45445,0.42145,0.63373,0.41972,960,316,1280,632
1753173658600,0.45432,0.42128,0.63377,0.42006,960,316,1280,632
1753173658617,0.45470,0.42190,0.63383,0.41986,960,316,1280,632
1753173658633,0.45455,0.42161,0.63391,0.42017,960,316,1280,632
1753173658650,0.45496,0.42197,0.63387,0.42015,960,316,1280,632
1753173658666,0.45479,0.42161,0.63388,0.42009,960,316,1280,632
1753173658683,0.45471,0.42181,0.63384,0.42007,960,316,1280,632
1753173658700,0.45528,0.42204,0.63455,0.42051,960,316,1280,632
1753173658717,0.45550,0.42220,0.63451,0.42059,960,316,1280,632
1753173658733,0.45537,0.42179,0.63476,0.42058,960,316,1280,632
1753173658749,0.45532,0.42205,0.63455,0.42083,960,316,1280,632
1753173658766,0.45538,0.42188,0.63478,0.42058,960,316,1280,632
1753173658783,0.45566,0.42167,0.63508,0.42076,960,316,1280,632
1753173658800,0.45573,0.42196,0.63520,0.42096,960,316,1280,632
1753173658817,0.45569,0.42156,0.63513,0.42087,960,316,1280,632
1753173658830,0.45572,0.42173,0.63523,0.42082,960,316,1280,632
1753173658850,0.45570,0.42177,0.63533,0.42086,960,316,1280,632
1753173658866,0.45577,0.42156,0.63546,0.42095,960,316,1280,632
1753173658882,0.45573,0.42162,0.63536,0.42080,960,316,1280,632
1753173658899,0.45582,0.42161,0.63545,0.42087,960,316,1280,632
1753173658916,0.45569,0.42139,0.63555,0.42079,960,316,1280,632
1753173658933,0.45569,0.42117,0.63554,0.42074,960,316,1280,632
1753173658950,0.45571,0.42133,0.63529,0.42020,960,316,1280,632
1753173658966,0.45561,0.42096,0.63533,0.42052,960,316,1280,632
1753173658982,0.45569,0.42153,0.63538,0.42018,960,316,1280,632
1753173658999,0.45565,0.42081,0.63531,0.42037,960,316,1280,632
1753173659016,0.45573,0.42138,0.63522,0.42026,960,316,1280,632
1753173659032,0.45585,0.42144,0.63514,0.42031,960,316,1280,632
1753173659049,0.45601,0.42153,0.63513,0.42040,960,316,1280,632
1753173659066,0.45586,0.42157,0.63519,0.42035,960,316,1280,632
1753173659083,0.45587,0.42172,0.63505,0.42029,960,316,1280,632
1753173659100,0.45577,0.42165,0.63530,0.42013,960,316,1280,632
1753173659117,0.45567,0.42131,0.63505,0.42027,960,316,1280,632
1753173659133,0.45546,0.42083,0.63515,0.42008,960,316,1280,632
1753173659149,0.45535,0.42100,0.63505,0.41995,960,316,1280,632
1753173659166,0.45553,0.42089,0.63497,0.42014,960,316,1280,632
1753173659183,0.45594,0.42167,0.63502,0.42024,960,316,1280,632
1753173659200,0.45584,0.42147,0.63493,0.42034,960,316,1280,632
1753173659217,0.45595,0.42186,0.63486,0.42043,960,316,1280,632
1753173659234,0.45577,0.42150,0.63486,0.42037,960,316,1280,632
1753173659251,0.45588,0.42189,0.63479,0.42045,960,316,1280,632
1753173659267,0.45592,0.42172,0.63523,0.42050,960,316,1280,632
1753173659284,0.45570,0.42183,0.63542,0.42061,960,316,1280,632
1753173659300,0.45571,0.42175,0.63525,0.42054,960,316,1280,632
1753173659316,0.45581,0.42208,0.63535,0.42056,960,316,1280,632
1753173659335,0.45563,0.42179,0.63539,0.42057,960,316,1280,632
1753173659352,0.45563,0.42179,0.63534,0.42049,960,316,1280,632
1753173659368,0.45577,0.42179,0.63532,0.42057,960,316,1280,632
1753173659385,0.45578,0.42149,0.63550,0.42049,960,316,1280,632
1753173659402,0.45570,0.42179,0.63503,0.42057,960,316,1280,632
1753173659419,0.45562,0.42200,0.63495,0.42039,960,316,1280,632
1753173659436,0.45579,0.42226,0.63501,0.42065,960,316,1280,632
1753173659452,0.45579,0.42200,0.63490,0.42069,960,316,1280,632
1753173659469,0.45574,0.42200,0.63495,0.42039,960,316,1280,632
1753173659485,0.45572,0.42195,0.63487,0.42065,960,316,1280,632
1753173659502,0.45506,0.42200,0.63451,0.42069,960,316,1280,632
1753173659518,0.45492,0.42161,0.63474,0.42104,960,316,1280,632
1753173659535,0.45516,0.42183,0.63449,0.42053,960,316,1280,632
1753173659552,0.45507,0.42167,0.63457,0.42059,960,316,1280,632
1753173659568,0.45429,0.42224,0.63413,0.42085,960,316,1280,632
1753173659585,0.45399,0.42190,0.63414,0.42090,960,316,1280,632
1753173659602,0.45403,0.42199,0.63423,0.42100,960,316,1280,632
1753173659618,0.45422,0.42195,0.63414,0.42095,960,316,1280,632
1753173659635,0.45414,0.42205,0.63411,0.42105,960,316,1280,632
1753173659651,0.45399,0.42189,0.63414,0.42111,960,316,1280,632
1753173659668,0.45369,0.42293,0.63302,0.42132,960,316,1280,632
1753173659684,0.45363,0.42248,0.63309,0.42096,960,316,1280,632
1753173659701,0.45343,0.42208,0.63334,0.42108,960,316,1280,632
1753173659717,0.45339,0.42199,0.63350,0.42099,960,316,1280,632
1753173659734,0.45303,0.42295,0.63295,0.42112,960,316,1280,632
1753173659750,0.45285,0.42247,0.63300,0.42104,960,316,1280,632
1753173659767,0.45294,0.42263,0.63292,0.42103,960,316,1280,632
1753173659784,0.45289,0.42233,0.63298,0.42111,960,316,1280,632
1753173659800,0.45305,0.42249,0.63302,0.42127,960,316,1280,632
1753173659816,0.45282,0.42232,0.63296,0.42132,960,316,1280,632
1753173659833,0.45282,0.42307,0.63251,0.42216,960,316,1280,632
1753173659850,0.45244,0.42299,0.63240,0.42208,960,316,1280,632
1753173659867,0.45246,0.42292,0.63246,0.42231,960,316,1280,632
1753173659883,0.45255,0.42294,0.63255,0.42233,960,316,1280,632
1753173659900,0.45259,0.42284,0.63259,0.42184,960,316,1280,632
1753173659919,0.45273,0.42301,0.63257,0.42148,960,316,1280,632
1753173659938,0.45272,0.42283,0.63256,0.42170,960,316,1280,632
1753173659952,0.45290,0.42273,0.63275,0.42182,960,316,1280,632
1753173659968,0.45302,0.42305,0.63283,0.42192,960,316,1280,632
1753173659985,0.45300,0.42320,0.63254,0.42168,960,316,1280,632
1753173660001,0.45303,0.42329,0.63283,0.42185,960,316,1280,632
1753173660018,0.45310,0.42349,0.63267,0.42197,960,316,1280,632
1753173660035,0.45304,0.42331,0.63283,0.42188,960,316,1280,632
1753173660052,0.45320,0.42358,0.63282,0.42176,960,316,1280,632
1753173660069,0.45284,0.42320,0.63270,0.42176,960,316,1280,632
1753173660085,0.45270,0.42319,0.63265,0.42175,960,316,1280,632
1753173660100,0.45284,0.42297,0.63254,0.42175,960,316,1280,632
1753173660118,0.45267,0.42287,0.63278,0.42195,960,316,1280,632
1753173660135,0.45280,0.42296,0.63274,0.42143,960,316,1280,632
1753173660151,0.45269,0.42301,0.63272,0.42166,960,316,1280,632
1753173660168,0.45300,0.42347,0.63253,0.42173,960,316,1280,632
1753173660185,0.45298,0.42334,0.63258,0.42190,960,316,1280,632
1753173660201,0.45301,0.42335,0.63260,0.42191,960,316,1280,632
1753173660218,0.45303,0.42336,0.63262,0.42192,960,316,1280,632
1753173660235,0.45268,0.42343,0.63233,0.42170,960,316,1280,632
1753173660251,0.45269,0.42347,0.63247,0.42203,960,316,1280,632
1753173660268,0.45245,0.42327,0.63242,0.42183,960,316,1280,632
1753173660285,0.45233,0.42321,0.63246,0.42238,960,316,1280,632
1753173660301,0.45239,0.42336,0.63232,0.42245,960,316,1280,632
1753173660318,0.45243,0.42314,0.63237,0.42231,960,316,1280,632
1753173660335,0.45250,0.42334,0.63244,0.42243,960,316,1280,632
1753173660351,0.45254,0.42336,0.63248,0.42244,960,316,1280,632
1753173660368,0.45252,0.42337,0.63247,0.42246,960,316,1280,632
1753173660381,0.45249,0.42334,0.63223,0.42242,960,316,1280,632
1753173660401,0.45240,0.42312,0.63228,0.42243,960,316,1280,632
1753173660417,0.45231,0.42314,0.63216,0.42253,960,316,1280,632
1753173660434,0.45238,0.42342,0.63228,0.42242,960,316,1280,632
1753173660450,0.45213,0.42348,0.63220,0.42257,960,316,1280,632
1753173660468,0.45216,0.42355,0.63224,0.42285,960,316,1280,632
1753173660485,0.45193,0.42317,0.63202,0.42226,960,316,1280,632
1753173660501,0.45196,0.42326,0.63218,0.42287,960,316,1280,632
1753173660518,0.45215,0.42321,0.63224,0.42230,960,316,1280,632
1753173660535,0.45221,0.42337,0.63226,0.42268,960,316,1280,632
1753173660551,0.45227,0.42323,0.63222,0.42232,960,316,1280,632
1753173660568,0.45218,0.42362,0.63226,0.42262,960,316,1280,632
1753173660584,0.45209,0.42326,0.63203,0.42266,960,316,1280,632
1753173660601,0.45253,0.42361,0.63222,0.42253,960,316,1280,632
1753173660618,0.45234,0.42342,0.63214,0.42251,960,316,1280,632
1753173660635,0.45238,0.42377,0.63206,0.42277,960,316,1280,632
1753173660651,0.45213,0.42349,0.63218,0.42240,960,316,1280,632
1753173660668,0.45201,0.42325,0.63214,0.42264,960,316,1280,632
1753173660685,0.45185,0.42353,0.63181,0.42223,960,316,1280,632
1753173660701,0.45177,0.42328,0.63172,0.42194,960,316,1280,632
1753173660719,0.45176,0.42324,0.63174,0.42189,960,316,1280,632
1753173660735,0.45165,0.42344,0.63185,0.42201,960,316,1280,632
1753173660751,0.45162,0.42326,0.63182,0.42191,960,316,1280,632
1753173660769,0.45166,0.42333,0.63168,0.42168,960,316,1280,632
1753173660786,0.45180,0.42296,0.63200,0.42192,960,316,1280,632
1753173660802,0.45153,0.42314,0.63192,0.42223,960,316,1280,632
1753173660819,0.45178,0.42270,0.63188,0.42166,960,316,1280,632
1753173660836,0.45173,0.42288,0.63184,0.42184,960,316,1280,632
1753173660853,0.45164,0.42281,0.63238,0.42238,960,316,1280,632
1753173660869,0.45162,0.42355,0.63206,0.42234,960,316,1280,632
1753173660887,0.45169,0.42343,0.63219,0.42222,960,316,1280,632
1753173660903,0.45168,0.42345,0.63217,0.42224,960,316,1280,632
1753173660920,0.45158,0.42309,0.63225,0.42219,960,316,1280,632
1753173660936,0.45165,0.42349,0.63215,0.42228,960,316,1280,632
1753173660953,0.45186,0.42346,0.63191,0.42255,960,316,1280,632
1753173660970,0.45198,0.42334,0.63210,0.42274,960,316,1280,632
1753173660986,0.45203,0.42366,0.63214,0.42275,960,316,1280,632
1753173661003,0.45189,0.42357,0.63201,0.42258,960,316,1280,632
1753173661020,0.45205,0.42361,0.63221,0.42271,960,316,1280,632
1753173661037,0.45209,0.42382,0.63216,0.42261,960,316,1280,632
1753173661053,0.45209,0.42362,0.63203,0.42280,960,316,1280,632
1753173661070,0.45213,0.42375,0.63225,0.42254,960,316,1280,632
1753173661087,0.45238,0.42360,0.63256,0.42279,960,316,1280,632
1753173661103,0.45246,0.42388,0.63261,0.42228,960,316,1280,632
1753173661120,0.45243,0.42399,0.63245,0.42248,960,316,1280,632
1753173661136,0.45252,0.42396,0.63256,0.42245,960,316,1280,632
1753173661152,0.45255,0.42393,0.63238,0.42242,960,316,1280,632
1753173661169,0.45265,0.42394,0.63248,0.42273,960,316,1280,632
1753173661186,0.45270,0.42396,0.63253,0.42244,960,316,1280,632
1753173661202,0.45287,0.42412,0.63266,0.42252,960,316,1280,632
1753173661218,0.45262,0.42407,0.63259,0.42247,960,316,1280,632
1753173661234,0.45263,0.42409,0.63259,0.42249,960,316,1280,632
1753173662252,0.44525,0.42547,0.62433,0.42434,1254,316,1280,632
1753173662269,0.44521,0.42543,0.62431,0.42430,1254,316,1280,632
1753173662285,0.44523,0.42545,0.62433,0.42432,1254,316,1280,632
1753173662303,0.44480,0.42546,0.62390,0.42463,1254,316,1280,632
1753173662320,0.44473,0.42563,0.62413,0.42450,1254,316,1280,632
1753173662336,0.44460,0.42557,0.62417,0.42475,1254,316,1280,632
1753173662353,0.44482,0.42561,0.62401,0.42478,1254,316,1280,632
1753173662370,0.44455,0.42550,0.62352,0.42459,1254,316,1280,632
1753173662388,0.44447,0.42531,0.62390,0.42470,1254,316,1280,632
1753173662405,0.44449,0.42565,0.62374,0.42483,1254,316,1280,632
1753173662423,0.44444,0.42543,0.62374,0.42461,1254,316,1280,632
1753173662441,0.44450,0.42535,0.62371,0.42474,1254,316,1280,632
1753173662457,0.44456,0.42546,0.62364,0.42463,1254,316,1280,632
1753173662475,0.44442,0.42589,0.62345,0.42498,1254,316,1280,632
1753173662492,0.44448,0.42589,0.62338,0.42497,1254,316,1280,632
1753173662508,0.44428,0.42593,0.62368,0.42510,1254,316,1280,632
1753173662523,0.44429,0.42582,0.62369,0.42521,1254,316,1280,632
1753173662541,0.44427,0.42682,0.62347,0.42600,1254,316,1280,632
1753173662557,0.44434,0.42672,0.62354,0.42550,1254,316,1280,632
1753173662574,0.44441,0.42683,0.62370,0.42570,1254,316,1280,632
1753173662591,0.44435,0.42674,0.62355,0.42552,1254,316,1280,632
1753173662607,0.44440,0.42699,0.62349,0.42577,1254,316,1280,632
1753173662625,0.44425,0.42673,0.62371,0.42551,1254,316,1280,632
1753173662638,0.44437,0.42733,0.62300,0.42733,1254,316,1280,632
1753173662655,0.44430,0.42734,0.62297,0.42707,1254,316,1280,632
1753173662672,0.44442,0.42716,0.62288,0.42738,1254,316,1280,632
1753173662689,0.44447,0.42713,0.62318,0.42735,1254,316,1280,632
1753173662706,0.44407,0.42764,0.62278,0.42746,1254,316,1280,632
1753173662722,0.44424,0.42787,0.62263,0.42730,1254,316,1280,632
1753173662739,0.44411,0.42767,0.62253,0.42748,1254,316,1280,632
1753173662756,0.44413,0.42788,0.62305,0.42748,1254,316,1280,632
1753173662773,0.44408,0.42789,0.62273,0.42732,1254,316,1280,632
1753173662789,0.44411,0.42757,0.62261,0.42748,1254,316,1280,632
1753173662806,0.44364,0.42796,0.62214,0.42738,1254,316,1280,632
1753173662823,0.44373,0.42815,0.62217,0.42744,1254,316,1280,632
1753173662840,0.44374,0.42802,0.62243,0.42732,1254,316,1280,632
1753173662856,0.44373,0.42799,0.62222,0.42760,1254,316,1280,632
1753173662874,0.44389,0.42853,0.62228,0.42743,1254,316,1280,632
1753173662891,0.44387,0.42822,0.62228,0.42752,1254,316,1280,632
1753173662908,0.44368,0.42833,0.62259,0.42754,1254,316,1280,632
1753173662924,0.44378,0.42828,0.62218,0.42749,1254,316,1280,632
1753173662941,0.44414,0.42788,0.62260,0.42779,1254,316,1280,632
1753173662957,0.44401,0.42804,0.62272,0.42786,1254,316,1280,632
1753173662974,0.44386,0.42820,0.62271,0.42781,1254,316,1280,632
1753173662991,0.44391,0.42799,0.62258,0.42790,1254,316,1280,632
1753173663008,0.44395,0.42822,0.62267,0.42782,1254,316,1280,632
1753173663022,0.44395,0.42812,0.62222,0.42793,1254,316,1280,632
1753173663039,0.44388,0.42825,0.62246,0.42838,1254,316,1280,632
1753173663055,0.44379,0.42858,0.62246,0.42800,1254,316,1280,632
1753173663072,0.44395,0.42837,0.62242,0.42788,1254,316,1280,632
1753173663089,0.44383,0.42842,0.62238,0.42824,1254,316,1280,632
1753173663105,0.44362,0.42832,0.62195,0.42805,1254,316,1280,632
1753173663122,0.44393,0.42870,0.62230,0.42781,1254,316,1280,632
1753173663138,0.44376,0.42865,0.62213,0.42795,1254,316,1280,632
1753173663155,0.44376,0.42856,0.62219,0.42824,1254,316,1280,632
1753173663172,0.44383,0.42883,0.62209,0.42812,1254,316,1280,632
1753173663189,0.44374,0.42877,0.62218,0.42807,1254,316,1280,632
1753173663206,0.44329,0.42909,0.62196,0.42808,1254,316,1280,632
1753173663223,0.44326,0.42908,0.62234,0.42799,1254,316,1280,632
1753173663241,0.44350,0.42913,0.62203,0.42803,1254,316,1280,632
1753173663254,0.44313,0.42892,0.62168,0.42821,1254,316,1280,632
1753173663271,0.44310,0.42872,0.62184,0.42832,1254,316,1280,632
1753173663287,0.44328,0.42905,0.62180,0.42803,1254,316,1280,632
1753173663304,0.44324,0.42888,0.62176,0.42826,1254,316,1280,632
1753173663321,0.44311,0.42893,0.62187,0.42823,1254,316,1280,632
1753173663337,0.44314,0.42900,0.62194,0.42829,1254,316,1280,632
1753173663351,0.44331,0.42920,0.62202,0.42849,1254,316,1280,632
1753173663372,0.44323,0.42900,0.62167,0.42830,1254,316,1280,632
1753173663392,0.44323,0.42927,0.62192,0.42857,1254,316,1280,632
1753173663408,0.44328,0.42917,0.62152,0.42837,1254,316,1280,632
1753173663422,0.44358,0.42914,0.62231,0.42865,1254,316,1280,632
1753173663439,0.44343,0.42941,0.62172,0.42831,1254,316,1280,632
1753173663456,0.44330,0.42929,0.62167,0.42849,1254,316,1280,632
1753173663472,0.44333,0.42930,0.62193,0.42851,1254,316,1280,632
1753173663486,0.44358,0.42920,0.62195,0.42831,1254,316,1280,632
1753173663500,0.44371,0.42921,0.62198,0.42828,1254,316,1280,632
1753173663519,0.44362,0.42905,0.62214,0.42834,1254,316,1280,632
1753173663539,0.44363,0.42906,0.62215,0.42835,1254,316,1280,632
1753173663557,0.44364,0.42907,0.62216,0.42837,1254,316,1280,632
1753173663576,0.44364,0.42909,0.62217,0.42838,1254,316,1280,632
1753173663590,0.44342,0.42818,0.62195,0.42808,1254,316,1280,632
1753173663608,0.44349,0.42808,0.62227,0.42786,1254,316,1280,632
1753173663625,0.44334,0.42813,0.62236,0.42782,1254,316,1280,632
1753173663642,0.44329,0.42826,0.62237,0.42804,1254,316,1280,632
1753173663656,0.44361,0.42782,0.62210,0.42720,1254,316,1280,632
1753173663673,0.44348,0.42795,0.62258,0.42721,1254,316,1280,632
1753173663691,0.44371,0.42784,0.62257,0.42731,1254,316,1280,632
1753173663707,0.44376,0.42763,0.62258,0.42741,1254,316,1280,632
1753173663724,0.44348,0.42790,0.62255,0.42737,1254,316,1280,632
1753173663741,0.44373,0.42790,0.62258,0.42738,1254,316,1280,632
1753173663755,0.44371,0.42803,0.62278,0.42790,1254,316,1280,632
1753173663771,0.44364,0.42810,0.62262,0.42757,1254,316,1280,632
1753173663788,0.44383,0.42811,0.62259,0.42758,1254,316,1280,632
1753173663805,0.44380,0.42781,0.62279,0.42759,1254,316,1280,632
1753173663822,0.44382,0.42873,0.62281,0.42851,1254,316,1280,632
1753173663838,0.44370,0.42865,0.62274,0.42843,1254,316,1280,632
1753173663856,0.44378,0.42866,0.62282,0.42843,1254,316,1280,632
1753173663872,0.44376,0.42848,0.62279,0.42834,1254,316,1280,632
1753173663890,0.44381,0.42867,0.62285,0.42844,1254,316,1280,632
1753173663906,0.44356,0.42849,0.62282,0.42835,1254,316,1280,632
1753173663923,0.44332,0.42898,0.62259,0.42846,1254,316,1280,632
1753173663940,0.44349,0.42897,0.62259,0.42853,1254,316,1280,632
1753173663957,0.44334,0.42895,0.62240,0.42842,1254,316,1280,632
1753173663973,0.44334,0.42886,0.62267,0.42864,1254,316,1280,632
1753173663990,0.44336,0.42948,0.62270,0.42895,1254,316,1280,632
1753173664006,0.44331,0.42925,0.62247,0.42872,1254,316,1280,632
1753173664023,0.44325,0.42924,0.62247,0.42880,1254,316,1280,632
1753173664039,0.44332,0.42921,0.62251,0.42869,1254,316,1280,632
1753173664056,0.44350,0.42925,0.62250,0.42881,1254,316,1280,632
1753173664072,0.44363,0.42897,0.62214,0.42865,1254,316,1280,632
1753173664089,0.44342,0.42902,0.62256,0.42880,1254,316,1280,632
1753173664106,0.44356,0.42889,0.62235,0.42858,1254,316,1280,632
1753173664123,0.44337,0.42904,0.62251,0.42882,1254,316,1280,632
1753173664139,0.44351,0.42891,0.62230,0.42859,1254,316,1280,632
1753173664156,0.44343,0.42924,0.62235,0.42863,1254,316,1280,632
1753173664173,0.44340,0.42909,0.62246,0.42856,1254,316,1280,632
1753173664189,0.44335,0.42917,0.62246,0.42833,1254,316,1280,632
1753173664205,0.44349,0.42936,0.62225,0.42862,1254,316,1280,632
1753173664223,0.44329,0.42946,0.62278,0.42893,1254,316,1280,632
1753173664239,0.44330,0.42984,0.62270,0.42892,1254,316,1280,632
1753173664255,0.44324,0.42978,0.62283,0.42886,1254,316,1280,632
1753173664272,0.44346,0.42979,0.62281,0.42887,1254,316,1280,632
1753173664288,0.44321,0.42980,0.62280,0.42888,1254,316,1280,632
1753173664304,0.44342,0.42981,0.62278,0.42889,1254,316,1280,632
1753173664321,0.44301,0.42982,0.62260,0.42951,1254,316,1280,632
1753173664337,0.44322,0.42957,0.62268,0.42939,1254,316,1280,632
1753173664354,0.44320,0.42990,0.62264,0.42950,1254,316,1280,632
1753173664370,0.44329,0.42970,0.62291,0.42931,1254,316,1280,632
1753173664388,0.44315,0.42993,0.62250,0.42932,1254,316,1280,632
1753173664405,0.44290,0.43013,0.62231,0.42961,1254,316,1280,632
1753173664422,0.44299,0.43000,0.62244,0.42951,1254,316,1280,632
1753173664438,0.44305,0.43018,0.62263,0.42939,1254,316,1280,632
1753173664455,0.44299,0.42981,0.62235,0.42959,1254,316,1280,632
1753173664472,0.44297,0.43003,0.62241,0.42941,1254,316,1280,632
1753173664488,0.44254,0.43017,0.62200,0.42947,1254,316,1280,632
1753173664504,0.44257,0.43024,0.62230,0.42953,1254,316,1280,632
1753173664521,0.44275,0.43007,0.62194,0.42924,1254,316,1280,632
1753173664538,0.44263,0.42987,0.62214,0.42943,1254,316,1280,632
1753173664555,0.44252,0.43064,0.62200,0.42942,1254,316,1280,632
1753173664572,0.44257,0.43047,0.62191,0.42955,1254,316,1280,632
1753173664588,0.44259,0.43051,0.62200,0.42959,1254,316,1280,632
1753173664605,0.44270,0.43052,0.62185,0.42969,1254,316,1280,632
1753173664621,0.44324,0.43069,0.62264,0.43047,1254,316,1280,632
1753173664638,0.44312,0.43079,0.62265,0.43009,1254,316,1280,632
1753173664655,0.44328,0.43060,0.62264,0.43038,1254,316,1280,632
1753173664672,0.44310,0.43086,0.62275,0.43025,1254,316,1280,632
1753173664688,0.44306,0.43078,0.62276,0.43047,1254,316,1280,632
1753173664705,0.44309,0.43074,0.62258,0.43043,1254,316,1280,632
1753173664722,0.44335,0.43071,0.62287,0.43070,1254,316,1280,632
1753173664738,0.44354,0.43081,0.62273,0.43062,1254,316,1280,632
1753173664755,0.44356,0.43090,0.62277,0.43049,1254,316,1280,632
1753173664771,0.44355,0.43086,0.62279,0.43046,1254,316,1280,632
1753173664788,0.44331,0.43052,0.62281,0.42981,1254,316,1280,632
1753173664805,0.44311,0.43032,0.62271,0.43001,1254,316,1280,632
1753173664821,0.44319,0.43029,0.62284,0.43019,1254,316,1280,632
1753173664838,0.44318,0.43056,0.62304,0.42998,1254,316,1280,632
1753173664855,0.44334,0.43042,0.62287,0.42993,1254,316,1280,632
1753173664871,0.44308,0.43013,0.62289,0.42921,1254,316,1280,632
1753173664888,0.44285,0.43039,0.62280,0.42942,1254,316,1280,632
1753173664905,0.44294,0.43026,0.62284,0.42903,1254,316,1280,632
1753173664922,0.44286,0.42992,0.62301,0.42900,1254,316,1280,632
1753173664939,0.44284,0.43024,0.62300,0.42901,1254,316,1280,632
1753173664956,0.44302,0.42997,0.62280,0.42904,1254,316,1280,632
1753173664973,0.44296,0.42979,0.62274,0.42896,1254,316,1280,632
1753173664989,0.44310,0.43011,0.62279,0.42906,1254,316,1280,632
1753173665006,0.44298,0.42988,0.62292,0.42891,1254,316,1280,632
1753173665022,0.44316,0.42997,0.62283,0.42870,1254,316,1280,632
1753173665039,0.44309,0.42997,0.62299,0.42901,1254,316,1280,632
1753173665056,0.44327,0.43006,0.62289,0.42879,1254,316,1280,632
1753173665072,0.44324,0.43013,0.62289,0.42895,1254,316,1280,632
1753173665089,0.44334,0.43010,0.62317,0.42883,1254,316,1280,632
1753173665106,0.44346,0.42977,0.62313,0.42920,1254,316,1280,632
1753173665122,0.44393,0.42958,0.62301,0.42926,1254,316,1280,632
1753173665139,0.44376,0.42971,0.62304,0.42926,1254,316,1280,632
1753173665155,0.44373,0.42968,0.62296,0.42946,1254,316,1280,632
1753173665169,0.44408,0.42957,0.62447,0.42926,1254,316,1280,632
1753173665187,0.44442,0.42945,0.62413,0.42975,1254,316,1280,632
1753173665205,0.44428,0.42967,0.62446,0.42945,1254,316,1280,632
1753173665221,0.44466,0.42954,0.62416,0.42962,1254,316,1280,632
1753173665238,0.44446,0.42973,0.62393,0.42951,1254,316,1280,632
1753173665255,0.44446,0.42951,0.62421,0.42959,1254,316,1280,632
1753173666288,0.47228,0.43304,0.65187,0.43221,26,474,1280,632
1753173666305,0.47352,0.43230,0.65260,0.43209,26,474,1280,632
1753173666322,0.47361,0.43218,0.65258,0.43197,26,474,1280,632
1753173666338,0.47366,0.43238,0.65277,0.43208,26,474,1280,632
1753173666356,0.47363,0.43227,0.65216,0.43162,26,474,1280,632
1753173666372,0.47376,0.43215,0.65238,0.43193,26,474,1280,632
1753173666389,0.47391,0.43207,0.65241,0.43186,26,474,1280,632
1753173666406,0.47414,0.43235,0.65277,0.43122,26,474,1280,632
1753173666423,0.47427,0.43223,0.65255,0.43167,26,474,1280,632
1753173666440,0.47356,0.43229,0.65338,0.43176,26,474,1280,632
1753173666456,0.47487,0.43264,0.65248,0.43230,26,474,1280,632
1753173666474,0.47507,0.43253,0.65334,0.43153,26,474,1280,632
1753173666490,0.47578,0.43259,0.65280,0.43187,26,474,1280,632
1753173666507,0.47557,0.43270,0.65335,0.43170,26,474,1280,632
1753173666523,0.47618,0.43280,0.65273,0.43229,26,474,1280,632
1753173666540,0.47552,0.43276,0.65299,0.43097,26,474,1280,632
1753173666557,0.47699,0.43237,0.65350,0.43260,26,474,1280,632
1753173666573,0.47625,0.43262,0.65360,0.43197,26,474,1280,632
1753173666590,0.47705,0.43277,0.65326,0.43251,26,474,1280,632
1753173666606,0.47643,0.43233,0.65363,0.43198,26,474,1280,632
1753173666623,0.47724,0.43189,0.65366,0.43225,26,474,1280,632
1753173666640,0.47676,0.43193,0.65343,0.43198,26,474,1280,632
1753173666656,0.47719,0.43205,0.65334,0.43250,26,474,1280,632
1753173666673,0.47676,0.43206,0.65361,0.43172,26,474,1280,632
1753173666690,0.47714,0.43248,0.65349,0.43270,26,474,1280,632
1753173666706,0.47690,0.43201,0.65373,0.43188,26,474,1280,632
1753173666723,0.47650,0.43247,0.65331,0.43269,26,474,1280,632
1753173666740,0.47606,0.43257,0.65350,0.43192,26,474,1280,632
1753173666757,0.47642,0.43259,0.65317,0.43250,26,474,1280,632
1753173666773,0.47630,0.43250,0.65353,0.43185,26,474,1280,632
1753173666790,0.47552,0.43226,0.65297,0.43248,26,474,1280,632
1753173666806,0.47523,0.43226,0.65338,0.43169,26,474,1280,632
1753173666824,0.47564,0.43232,0.65309,0.43263,26,474,1280,632
1753173666840,0.47497,0.43193,0.65330,0.43176,26,474,1280,632
1753173666857,0.47551,0.43246,0.65311,0.43277,26,474,1280,632
1753173666873,0.47454,0.43258,0.65312,0.43171,26,474,1280,632
1753173666890,0.47558,0.43292,0.65310,0.43262,26,474,1280,632
1753173666906,0.47445,0.43247,0.65298,0.43129,26,474,1280,632
1753173666922,0.47577,0.43283,0.65307,0.43261,26,474,1280,632
1753173666939,0.47436,0.43255,0.65276,0.43075,26,474,1280,632
1753173666956,0.47756,0.43203,0.65374,0.43230,26,474,1280,632
1753173666973,0.47675,0.43247,0.65406,0.43120,26,474,1280,632
1753173666990,0.47801,0.43239,0.65414,0.43283,26,474,1280,632
1753173667006,0.47688,0.43213,0.65452,0.43195,26,474,1280,632
1753173667023,0.47885,0.43195,0.65513,0.43291,26,474,1280,632
1753173667040,0.47789,0.43183,0.65533,0.43218,26,474,1280,632
1753173667055,0.47866,0.43197,0.65497,0.43302,26,474,1280,632
1753173667072,0.47833,0.43193,0.65531,0.43189,26,474,1280,632
1753173667088,0.47898,0.43191,0.65508,0.43296,26,474,1280,632
1753173667104,0.47804,0.43174,0.65523,0.43209,26,474,1280,632
1753173667123,0.47871,0.43193,0.65548,0.43268,26,474,1280,632
1753173667139,0.47799,0.43168,0.65540,0.43225,26,474,1280,632
1753173667155,0.47876,0.43197,0.65551,0.43271,26,474,1280,632
1753173667171,0.47825,0.43192,0.65522,0.43219,26,474,1280,632
1753173667189,0.47834,0.43222,0.65484,0.43226,26,474,1280,632
1753173667206,0.47783,0.43184,0.65497,0.43188,26,474,1280,632
1753173667223,0.47843,0.43224,0.65473,0.43237,26,474,1280,632
1753173667240,0.47763,0.43189,0.65511,0.43193,26,474,1280,632
1753173667256,0.47845,0.43229,0.65459,0.43242,26,474,1280,632
1753173667272,0.47742,0.43189,0.65503,0.43162,26,474,1280,632
1753173667290,0.47612,0.43227,0.65363,0.43179,26,474,1280,632
1753173667306,0.47482,0.43158,0.65397,0.43136,26,474,1280,632
1753173667323,0.47610,0.43209,0.65332,0.43196,26,474,1280,632
1753173667340,0.47512,0.43184,0.65318,0.43053,26,474,1280,632
1753173667356,0.47556,0.43141,0.65376,0.43197,26,474,1280,632
1753173667373,0.47561,0.43204,0.65311,0.42994,26,474,1280,632
1753173667390,0.47554,0.43189,0.65347,0.43222,26,474,1280,632
1753173667407,0.47539,0.43181,0.65331,0.42970,26,474,1280,632
1753173667424,0.47633,0.43125,0.65426,0.43189,26,474,1280,632
1753173667441,0.47679,0.43168,0.65412,0.43009,26,474,1280,632
1753173667457,0.47702,0.43147,0.65444,0.43192,26,474,1280,632
1753173667475,0.47676,0.43182,0.65383,0.42992,26,474,1280,632
1753173667491,0.47695,0.43147,0.65437,0.43192,26,474,1280,632
1753173667508,0.47651,0.43183,0.65404,0.42992,26,474,1280,632
1753173667525,0.47859,0.43085,0.65600,0.43099,26,474,1280,632
1753173667541,0.47902,0.43094,0.65658,0.43138,26,474,1280,632
1753173667558,0.47943,0.43111,0.65607,0.43203,26,474,1280,632
1753173667575,0.47926,0.43104,0.65649,0.43187,26,474,1280,632
1753173667592,0.47998,0.43076,0.65751,0.43128,26,474,1280,632
1753173667609,0.48072,0.43060,0.65678,0.43226,26,474,1280,632
1753173667625,0.48038,0.43054,0.65707,0.43181,26,474,1280,632
1753173667642,0.48098,0.43068,0.65692,0.43216,26,474,1280,632
1753173667658,0.48028,0.43065,0.65703,0.43183,26,474,1280,632
1753173667675,0.48094,0.43068,0.65684,0.43225,26,474,1280,632
1753173667692,0.47949,0.43010,0.65781,0.43037,26,474,1280,632
1753173667708,0.48139,0.43015,0.65785,0.43150,26,474,1280,632
1753173667725,0.47969,0.43012,0.65765,0.43047,26,474,1280,632
1753173667740,0.48129,0.42988,0.65782,0.43062,26,474,1280,632
1753173667758,0.47962,0.42948,0.65789,0.42992,26,474,1280,632
1753173667775,0.48067,0.42915,0.65784,0.43028,26,474,1280,632
1753173667792,0.47949,0.42928,0.65768,0.42963,26,474,1280,632
1753173667808,0.48064,0.42937,0.65761,0.43050,26,474,1280,632
1753173667825,0.47976,0.42933,0.65773,0.42976,26,474,1280,632
1753173667842,0.48067,0.42911,0.65784,0.43024,26,474,1280,632
1753173667859,0.47904,0.42929,0.65790,0.43025,26,474,1280,632
1753173667875,0.48006,0.42963,0.65774,0.43046,26,474,1280,632
1753173667892,0.47921,0.42904,0.65783,0.42930,26,474,1280,632
1753173667909,0.48028,0.42953,0.65740,0.43096,26,474,1280,632
1753173667926,0.47902,0.42898,0.65780,0.42932,26,474,1280,632
1753173667943,0.48031,0.42949,0.65745,0.43092,26,474,1280,632
1753173667959,0.47877,0.42893,0.65779,0.42958,26,474,1280,632
1753173667973,0.48029,0.42945,0.65695,0.43049,26,474,1280,632
1753173667990,0.47918,0.42894,0.65733,0.42928,26,474,1280,632
1753173668006,0.48015,0.42962,0.65687,0.43066,26,474,1280,632
1753173668023,0.47904,0.42873,0.65744,0.42889,26,474,1280,632
1753173668040,0.48024,0.42955,0.65699,0.43089,26,474,1280,632
1753173668057,0.47904,0.42914,0.65719,0.42908,26,474,1280,632
1753173668074,0.48090,0.42931,0.65739,0.43095,26,474,1280,632
1753173668091,0.48045,0.42880,0.65747,0.42918,26,474,1280,632
1753173668108,0.48082,0.42912,0.65758,0.43066,26,474,1280,632
1753173668125,0.48023,0.42886,0.65760,0.42931,26,474,1280,632
1753173668142,0.48152,0.42920,0.65779,0.43013,26,474,1280,632
1753173668159,0.48049,0.42880,0.65811,0.42974,26,474,1280,632
1753173668176,0.48154,0.42961,0.65777,0.43054,26,474,1280,632
1753173668192,0.48038,0.42907,0.65801,0.42970,26,474,1280,632
1753173668208,0.48177,0.42979,0.65778,0.43063,26,474,1280,632
1753173668225,0.48063,0.42896,0.65781,0.42980,26,474,1280,632
1753173668243,0.48154,0.42979,0.65814,0.43064,26,474,1280,632
1753173668259,0.48064,0.42934,0.65824,0.43019,26,474,1280,632
1753173668276,0.48150,0.42988,0.65825,0.43033,26,474,1280,632
1753173668292,0.48091,0.42918,0.65830,0.43034,26,474,1280,632
1753173668309,0.48120,0.42945,0.65832,0.43069,26,474,1280,632
1753173668326,0.48086,0.42935,0.65817,0.43050,26,474,1280,632
1753173668343,0.48119,0.42920,0.65839,0.43066,26,474,1280,632
1753173668359,0.48104,0.42939,0.65808,0.43015,26,474,1280,632
1753173668375,0.48127,0.42924,0.65823,0.43070,26,474,1280,632
1753173668392,0.48124,0.42920,0.65827,0.43036,26,474,1280,632
1753173668409,0.48105,0.42962,0.65821,0.43108,26,474,1280,632
1753173668426,0.48037,0.42943,0.65823,0.43050,26,474,1280,632
1753173668443,0.48076,0.42929,0.65842,0.43092,26,474,1280,632
1753173668459,0.48010,0.42919,0.65837,0.43052,26,474,1280,632
1753173668476,0.48105,0.42987,0.65771,0.43067,26,474,1280,632
1753173668493,0.47997,0.42940,0.65828,0.43104,26,474,1280,632
1753173668509,0.48079,0.42970,0.65789,0.43081,26,474,1280,632
1753173668526,0.48020,0.42943,0.65789,0.43106,26,474,1280,632
1753173668543,0.48059,0.43003,0.65742,0.43157,26,474,1280,632
1753173668559,0.47971,0.42989,0.65781,0.43175,26,474,1280,632
1753173668576,0.47995,0.42971,0.65761,0.43134,26,474,1280,632
1753173668593,0.47963,0.42994,0.65773,0.43166,26,474,1280,632
1753173668609,0.47978,0.42973,0.65780,0.43167,26,474,1280,632
1753173668626,0.47947,0.42973,0.65776,0.43145,26,474,1280,632
1753173668643,0.47956,0.43012,0.65757,0.43153,26,474,1280,632
1753173668659,0.47914,0.43032,0.65771,0.43151,26,474,1280,632
1753173668676,0.47925,0.43031,0.65736,0.43150,26,474,1280,632
1753173668693,0.47921,0.43017,0.65774,0.43145,26,474,1280,632
1753173668709,0.47923,0.43037,0.65753,0.43064,26,474,1280,632
1753173668726,0.47961,0.43027,0.65746,0.43077,26,474,1280,632
1753173668742,0.47950,0.43013,0.65736,0.43054,26,474,1280,632
1753173668759,0.47953,0.43014,0.65763,0.43085,26,474,1280,632
1753173668776,0.47951,0.43014,0.65738,0.43055,26,474,1280,632
1753173668793,0.47955,0.43015,0.65742,0.43055,26,474,1280,632
1753173668810,0.47976,0.42954,0.65786,0.43025,26,474,1280,632
1753173668827,0.47949,0.42977,0.65758,0.43026,26,474,1280,632
1753173668844,0.47971,0.42962,0.65780,0.43012,26,474,1280,632
1753173668861,0.47999,0.42979,0.65788,0.43020,26,474,1280,632
1753173668877,0.47923,0.43012,0.65752,0.43031,26,474,1280,632
1753173668894,0.47970,0.43010,0.65759,0.43020,26,474,1280,632
1753173668911,0.47939,0.43033,0.65772,0.43021,26,474,1280,632
1753173668927,0.47953,0.43012,0.65771,0.43040,26,474,1280,632
1753173668944,0.47944,0.43018,0.65757,0.43028,26,474,1280,632
1753173668961,0.47979,0.43004,0.65747,0.43014,26,474,1280,632
1753173668977,0.47919,0.43036,0.65751,0.43025,26,474,1280,632
1753173668994,0.47964,0.42991,0.65728,0.43041,26,474,1280,632
1753173669010,0.47934,0.42997,0.65716,0.43030,26,474,1280,632
1753173669027,0.47959,0.43005,0.65722,0.43007,26,474,1280,632
1753173669044,0.47970,0.42968,0.65733,0.43022,26,474,1280,632
1753173669060,0.47936,0.43002,0.65710,0.43021,26,474,1280,632
1753173669077,0.47952,0.42990,0.65718,0.43040,26,474,1280,632
1753173669094,0.47957,0.42968,0.65725,0.43061,26,474,1280,632
1753173669111,0.47934,0.42977,0.65752,0.43057,26,474,1280,632
1753173669128,0.47978,0.42978,0.65764,0.43102,26,474,1280,632
1753173669144,0.47965,0.42963,0.65768,0.43079,26,474,1280,632
1753173669160,0.47969,0.42981,0.65755,0.43105,26,474,1280,632
1753173669178,0.47974,0.42966,0.65753,0.43081,26,474,1280,632
1753173669195,0.47999,0.42971,0.65763,0.43116,26,474,1280,632
1753173669212,0.47950,0.43004,0.65731,0.43159,26,474,1280,632
1753173669228,0.47986,0.43012,0.65703,0.43167,26,474,1280,632
1753173669245,0.47951,0.43006,0.65731,0.43161,26,474,1280,632
1753173669259,0.48032,0.43137,0.65772,0.43230,26,474,1280,632
1753173669276,0.47997,0.43102,0.65794,0.43204,26,474,1280,632
1753173669292,0.48044,0.43102,0.65739,0.43222,26,474,1280,632
1753173670326,0.47551,0.43055,0.65492,0.43216,320,474,1280,632
1753173670342,0.47589,0.43019,0.65470,0.43228,320,474,1280,632
1753173670359,0.47572,0.43082,0.65500,0.43222,320,474,1280,632
1753173670376,0.47587,0.43015,0.65464,0.43223,320,474,1280,632
1753173670392,0.47577,0.43056,0.65525,0.43226,320,474,1280,632
1753173670409,0.47619,0.43010,0.65482,0.43235,320,474,1280,632
1753173670425,0.47580,0.43057,0.65539,0.43235,320,474,1280,632
1753173670442,0.47598,0.43022,0.65477,0.43216,320,474,1280,632
1753173670459,0.47598,0.43063,0.65530,0.43241,320,474,1280,632
1753173670476,0.47614,0.43019,0.65493,0.43243,320,474,1280,632
1753173670492,0.47613,0.43096,0.65519,0.43304,320,474,1280,632
1753173670509,0.47638,0.42993,0.65468,0.43222,320,474,1280,632
1753173670525,0.47604,0.43079,0.65503,0.43287,320,474,1280,632
1753173670542,0.47634,0.43006,0.65461,0.43213,320,474,1280,632
1753173670559,0.47633,0.43069,0.65594,0.43339,320,474,1280,632
1753173670576,0.47644,0.43044,0.65511,0.43220,320,474,1280,632
1753173670593,0.47622,0.43089,0.65580,0.43266,320,474,1280,632
1753173670610,0.47615,0.43050,0.65500,0.43243,320,474,1280,632
1753173670627,0.47638,0.43095,0.65573,0.43312,320,474,1280,632
1753173670643,0.47614,0.43057,0.65522,0.43203,320,474,1280,632
1753173670660,0.47789,0.43061,0.65679,0.43370,320,474,1280,632
1753173670677,0.47791,0.43084,0.65617,0.43205,320,474,1280,632
1753173670693,0.47783,0.43019,0.65676,0.43242,320,474,1280,632
1753173670710,0.47770,0.43082,0.65627,0.43220,320,474,1280,632
1753173670736,0.47806,0.43023,0.65715,0.43292,320,474,1280,632
1753173670751,0.47783,0.43086,0.65678,0.43246,320,474,1280,632
1753173670769,0.47810,0.43020,0.65709,0.43229,320,474,1280,632
1753173670784,0.47785,0.43049,0.65673,0.43218,320,474,1280,632
1753173670801,0.47804,0.43036,0.65708,0.43284,320,474,1280,632
1753173670818,0.47759,0.43061,0.65732,0.43252,320,474,1280,632
1753173670834,0.47792,0.43059,0.65707,0.43216,320,474,1280,632
1753173670851,0.47795,0.43049,0.65704,0.43227,320,474,1280,632
1753173670867,0.47793,0.43036,0.65722,0.43245,320,474,1280,632
1753173670884,0.47821,0.43087,0.65726,0.43265,320,474,1280,632
1753173670901,0.47844,0.43053,0.65741,0.43293,320,474,1280,632
1753173670917,0.47824,0.43056,0.65724,0.43256,320,474,1280,632
1753173670934,0.47858,0.43044,0.65732,0.43275,320,474,1280,632
1753173670951,0.47834,0.43096,0.65659,0.43205,320,474,1280,632
1753173670968,0.47853,0.43067,0.65679,0.43346,320,474,1280,632
1753173670984,0.47819,0.43057,0.65676,0.43240,320,474,1280,632
1753173671001,0.47836,0.43087,0.65666,0.43249,320,474,1280,632
1753173671017,0.47843,0.43057,0.65677,0.43297,320,474,1280,632
1753173671034,0.47841,0.43066,0.65694,0.43297,320,474,1280,632
1753173671051,0.47769,0.43109,0.65601,0.43249,320,474,1280,632
1753173671067,0.47781,0.43065,0.65647,0.43334,320,474,1280,632
1753173671084,0.47746,0.43104,0.65621,0.43266,320,474,1280,632
1753173671101,0.47774,0.43082,0.65640,0.43282,320,474,1280,632
1753173671118,0.47710,0.43113,0.65621,0.43322,320,474,1280,632
1753173671134,0.47768,0.43099,0.65640,0.43478,320,474,1280,632
1753173671151,0.47690,0.43104,0.65632,0.43331,320,474,1280,632
1753173671167,0.47674,0.43117,0.65620,0.43292,320,474,1280,632
1753173671184,0.47696,0.43104,0.65593,0.43287,320,474,1280,632
1753173671201,0.47726,0.43113,0.65618,0.43313,320,474,1280,632
1753173671217,0.47665,0.43093,0.65569,0.43293,320,474,1280,632
1753173671234,0.47667,0.43102,0.65554,0.43281,320,474,1280,632
1753173671251,0.47664,0.43113,0.65554,0.43292,320,474,1280,632
1753173671267,0.47674,0.43110,0.65561,0.43297,320,474,1280,632
1753173671281,0.47615,0.43081,0.65528,0.43259,320,474,1280,632
1753173671297,0.47629,0.43094,0.65517,0.43312,320,474,1280,632
1753173671314,0.47611,0.43079,0.65528,0.43296,320,474,1280,632
1753173671330,0.47618,0.43073,0.65515,0.43290,320,474,1280,632
1753173671347,0.47621,0.43107,0.65515,0.43294,320,474,1280,632
1753173671363,0.47618,0.43080,0.65534,0.43297,320,474,1280,632
1753173671377,0.47586,0.43084,0.65481,0.43279,320,474,1280,632
1753173671394,0.47606,0.43111,0.65484,0.43276,320,474,1280,632
1753173671410,0.47600,0.43099,0.65478,0.43264,320,474,1280,632
1753173671427,0.47606,0.43114,0.65485,0.43319,320,474,1280,632
1753173671444,0.47598,0.43123,0.65454,0.43227,320,474,1280,632
1753173671461,0.47622,0.43138,0.65452,0.43305,320,474,1280,632
1753173671478,0.47591,0.43127,0.65443,0.43262,320,474,1280,632
1753173671494,0.47619,0.43133,0.65450,0.43299,320,474,1280,632
1753173671512,0.47568,0.43112,0.65426,0.43247,320,474,1280,632
1753173671528,0.47586,0.43156,0.65455,0.43330,320,474,1280,632
1753173671545,0.47568,0.43110,0.65424,0.43275,320,474,1280,632
1753173671562,0.47561,0.43140,0.65454,0.43267,320,474,1280,632
1753173671579,0.47575,0.43106,0.65428,0.43293,320,474,1280,632
1753173671596,0.47549,0.43102,0.65440,0.43251,320,474,1280,632
1753173671613,0.47540,0.43088,0.65435,0.43222,320,474,1280,632
1753173671630,0.47527,0.43125,0.65451,0.43269,320,474,1280,632
1753173671647,0.47532,0.43087,0.65454,0.43221,320,474,1280,632
1753173671663,0.47537,0.43099,0.65435,0.43242,320,474,1280,632
1753173671681,0.47548,0.43121,0.65425,0.43173,320,474,1280,632
1753173671697,0.47557,0.43109,0.65434,0.43191,320,474,1280,632
1753173671714,0.47543,0.43124,0.65440,0.43206,320,474,1280,632
1753173671731,0.47554,0.43086,0.65450,0.43160,320,474,1280,632
1753173671747,0.47545,0.43107,0.65434,0.43220,320,474,1280,632
1753173671764,0.47538,0.43099,0.65430,0.43182,320,474,1280,632
1753173671777,0.47607,0.43100,0.65452,0.43244,320,474,1280,632
1753173671794,0.47585,0.43083,0.65446,0.43201,320,474,1280,632
1753173671811,0.47572,0.43076,0.65450,0.43203,320,474,1280,632
1753173671827,0.47595,0.43098,0.65448,0.43242,320,474,1280,632
1753173671844,0.47698,0.43089,0.65526,0.43286,320,474,1280,632
1753173671861,0.47693,0.43092,0.65505,0.43202,320,474,1280,632
1753173671878,0.47689,0.43084,0.65514,0.43202,320,474,1280,632
1753173671894,0.47666,0.43091,0.65501,0.43226,320,474,1280,632
1753173671911,0.47697,0.43100,0.65523,0.43266,320,474,1280,632
1753173671927,0.47706,0.43079,0.65495,0.43211,320,474,1280,632
1753173671944,0.47692,0.43050,0.65558,0.43191,320,474,1280,632
1753173671961,0.47658,0.43066,0.65520,0.43261,320,474,1280,632
1753173671977,0.47681,0.43095,0.65557,0.43244,320,474,1280,632
1753173671994,0.47715,0.43050,0.65537,0.43221,320,474,1280,632
1753173672012,0.47734,0.43017,0.65586,0.43228,320,474,1280,632
1753173672028,0.47749,0.43005,0.65547,0.43145,320,474,1280,632
1753173672044,0.47757,0.43037,0.65565,0.43188,320,474,1280,632
1753173672062,0.47728,0.43054,0.65548,0.43181,320,474,1280,632
1753173672079,0.47789,0.42974,0.65574,0.43155,320,474,1280,632
1753173672095,0.47767,0.42993,0.65531,0.43120,320,474,1280,632
1753173672112,0.47786,0.42979,0.65563,0.43147,320,474,1280,632
1753173672128,0.47742,0.43013,0.65551,0.43119,320,474,1280,632
1753173672145,0.47787,0.42992,0.65565,0.43190,320,474,1280,632
1753173672162,0.47747,0.42990,0.65539,0.43118,320,474,1280,632
1753173672179,0.47753,0.42989,0.65555,0.43126,320,474,1280,632
1753173672195,0.47752,0.43036,0.65535,0.43072,320,474,1280,632
1753173672212,0.47774,0.43004,0.65549,0.43149,320,474,1280,632
1753173672228,0.47742,0.43001,0.65527,0.43068,320,474,1280,632
1753173672246,0.47760,0.42969,0.65578,0.43167,320,474,1280,632
1753173672263,0.47754,0.43016,0.65572,0.43074,320,474,1280,632
1753173672279,0.47758,0.42933,0.65568,0.43140,320,474,1280,632
1753173672296,0.47751,0.42972,0.65560,0.43079,320,474,1280,632
1753173672313,0.47766,0.42946,0.65569,0.43122,320,474,1280,632
1753173672327,0.47811,0.42964,0.65613,0.43170,320,474,1280,632
1753173672345,0.47814,0.42969,0.65614,0.43136,320,474,1280,632
1753173672362,0.47802,0.42967,0.65620,0.43103,320,474,1280,632
1753173672379,0.47819,0.42954,0.65629,0.43130,320,474,1280,632
1753173672396,0.47879,0.42924,0.65701,0.43251,320,474,1280,632
1753173672413,0.47859,0.42922,0.65674,0.43164,320,474,1280,632
1753173672429,0.47833,0.42976,0.65648,0.43095,320,474,1280,632
1753173672445,0.47875,0.42915,0.65682,0.43153,320,474,1280,632
1753173672462,0.47849,0.42962,0.65669,0.43150,320,474,1280,632
1753173672478,0.47864,0.42912,0.65677,0.43103,320,474,1280,632
1753173672496,0.47830,0.42956,0.65647,0.43161,320,474,1280,632
1753173672513,0.47940,0.42929,0.65748,0.43189,320,474,1280,632
1753173672530,0.47902,0.42976,0.65698,0.43065,320,474,1280,632
1753173672546,0.47938,0.42902,0.65724,0.43122,320,474,1280,632
1753173672563,0.47936,0.42924,0.65747,0.43113,320,474,1280,632
1753173672579,0.47959,0.42944,0.65753,0.43165,320,474,1280,632
1753173672596,0.47907,0.42907,0.65734,0.43119,320,474,1280,632
1753173672612,0.47924,0.42899,0.65751,0.43172,320,474,1280,632
1753173672629,0.47930,0.42879,0.65778,0.43113,320,474,1280,632
1753173672645,0.47939,0.42898,0.65761,0.43041,320,474,1280,632
1753173672662,0.47970,0.42886,0.65763,0.43076,320,474,1280,632
1753173672678,0.47947,0.42894,0.65783,0.43105,320,474,1280,632
1753173672695,0.47955,0.42895,0.65776,0.43076,320,474,1280,632
1753173672713,0.47967,0.42896,0.65783,0.43117,320,474,1280,632
1753173672726,0.47933,0.42928,0.65752,0.43139,320,474,1280,632
1753173672743,0.47963,0.42927,0.65742,0.43109,320,474,1280,632
1753173672760,0.47934,0.42943,0.65737,0.43094,320,474,1280,632
1753173672777,0.47963,0.42948,0.65763,0.43147,320,474,1280,632
1753173672794,0.47935,0.42938,0.65739,0.43120,320,474,1280,632
1753173672811,0.47946,0.42928,0.65733,0.43102,320,474,1280,632
1753173672827,0.47925,0.42931,0.65719,0.43074,320,474,1280,632
1753173672844,0.47940,0.42929,0.65731,0.43111,320,474,1280,632
1753173672861,0.47941,0.42950,0.65730,0.43101,320,474,1280,632
1753173672878,0.47928,0.42933,0.65739,0.43115,320,474,1280,632
1753173672895,0.47899,0.42975,0.65686,0.43118,320,474,1280,632
1753173672912,0.47878,0.42962,0.65722,0.43174,320,474,1280,632
1753173672929,0.47890,0.42944,0.65722,0.43148,320,474,1280,632
1753173672945,0.47896,0.42958,0.65731,0.43179,320,474,1280,632
1753173672962,0.47848,0.43013,0.65727,0.43224,320,474,1280,632
1753173672978,0.47862,0.43012,0.65719,0.43154,320,474,1280,632
1753173672995,0.47855,0.42982,0.65715,0.43171,320,474,1280,632
1753173673011,0.47832,0.43020,0.65735,0.43201,320,474,1280,632
1753173673028,0.47854,0.42991,0.65713,0.43163,320,474,1280,632
1753173673045,0.47859,0.43028,0.65738,0.43218,320,474,1280,632
1753173673062,0.47864,0.42998,0.65723,0.43179,320,474,1280,632
1753173673078,0.47866,0.43025,0.65736,0.43198,320,474,1280,632
1753173673095,0.47871,0.43016,0.65717,0.43158,320,474,1280,632
1753173673111,0.47864,0.43007,0.65742,0.43180,320,474,1280,632
1753173673128,0.47903,0.43025,0.65720,0.43168,320,474,1280,632
1753173673144,0.47883,0.43019,0.65722,0.43200,320,474,1280,632
1753173673161,0.47896,0.43011,0.65701,0.43162,320,474,1280,632
1753173673179,0.47881,0.43010,0.65710,0.43183,320,474,1280,632
1753173673199,0.47843,0.42992,0.65702,0.43112,320,474,1280,632
1753173673216,0.47858,0.43005,0.65697,0.43134,320,474,1280,632
1753173673233,0.47845,0.43027,0.65691,0.43087,320,474,1280,632
1753173673249,0.47839,0.42993,0.65705,0.43123,320,474,1280,632
1753173673266,0.47856,0.43015,0.65702,0.43097,320,474,1280,632
1753173673283,0.47826,0.43013,0.65691,0.43134,320,474,1280,632
1753173673299,0.47806,0.43015,0.65679,0.43105,320,474,1280,632
1753173673316,0.47827,0.43000,0.65688,0.43130,320,474,1280,632
1753173673333,0.47815,0.43003,0.65674,0.43103,320,474,1280,632
1753173674361,0.46962,0.43172,0.64936,0.43311,640,474,1280,632
1753173674378,0.46979,0.43191,0.64931,0.43292,640,474,1280,632
1753173674395,0.46961,0.43161,0.64936,0.43323,640,474,1280,632
1753173674412,0.46991,0.43138,0.64948,0.43270,640,474,1280,632
1753173674429,0.46995,0.43160,0.64944,0.43300,640,474,1280,632
1753173674446,0.47014,0.43146,0.64945,0.43300,640,474,1280,632
1753173674463,0.46969,0.43156,0.64965,0.43296,640,474,1280,632
1753173674480,0.47026,0.43132,0.64954,0.43294,640,474,1280,632
1753173674497,0.47021,0.43130,0.64947,0.43271,640,474,1280,632
1753173674513,0.47024,0.43147,0.64955,0.43270,640,474,1280,632
1753173674530,0.47004,0.43134,0.64960,0.43274,640,474,1280,632
1753173674547,0.47023,0.43164,0.64956,0.43273,640,474,1280,632
1753173674563,0.47030,0.43133,0.64963,0.43273,640,474,1280,632
1753173674581,0.47008,0.43132,0.64964,0.43242,640,474,1280,632
1753173674598,0.46973,0.43107,0.64960,0.43255,640,474,1280,632
1753173674615,0.46986,0.43112,0.64978,0.43230,640,474,1280,632
1753173674632,0.46987,0.43151,0.64953,0.43238,640,474,1280,632
1753173674649,0.46992,0.43122,0.64999,0.43249,640,474,1280,632
1753173674665,0.46997,0.43158,0.64987,0.43254,640,474,1280,632
1753173674682,0.46992,0.43128,0.65000,0.43263,640,474,1280,632
1753173674699,0.46988,0.43154,0.64992,0.43281,640,474,1280,632
1753173674716,0.46984,0.43152,0.64990,0.43279,640,474,1280,632
1753173674732,0.46986,0.43150,0.64993,0.43246,640,474,1280,632
1753173674749,0.47012,0.43147,0.64973,0.43274,640,474,1280,632
1753173674766,0.47032,0.43148,0.64977,0.43288,640,474,1280,632
1753173674782,0.47006,0.43131,0.64996,0.43302,640,474,1280,632
1753173674799,0.47041,0.43148,0.64995,0.43280,640,474,1280,632
1753173674815,0.47038,0.43182,0.65009,0.43262,640,474,1280,632
1753173674832,0.47113,0.43177,0.65013,0.43226,640,474,1280,632
1753173674849,0.47051,0.43146,0.65027,0.43242,640,474,1280,632
1753173674865,0.47109,0.43194,0.65005,0.43221,640,474,1280,632
1753173674882,0.47111,0.43111,0.65064,0.43268,640,474,1280,632
1753173674899,0.47119,0.43127,0.65076,0.43229,640,474,1280,632
1753173674915,0.47091,0.43100,0.65071,0.43271,640,474,1280,632
1753173674932,0.47109,0.43143,0.65050,0.43245,640,474,1280,632
1753173674948,0.47089,0.43124,0.65072,0.43234,640,474,1280,632
1753173674965,0.47131,0.43147,0.65052,0.43226,640,474,1280,632
1753173674982,0.47109,0.43066,0.65090,0.43237,640,474,1280,632
1753173674999,0.47125,0.43060,0.65093,0.43214,640,474,1280,632
1753173675015,0.47113,0.43037,0.65103,0.43230,640,474,1280,632
1753173675032,0.47144,0.43068,0.65091,0.43200,640,474,1280,632
1753173675048,0.47112,0.43040,0.65077,0.43203,640,474,1280,632
1753173675065,0.47151,0.43051,0.65088,0.43196,640,474,1280,632
1753173675081,0.47100,0.43014,0.65078,0.43208,640,474,1280,632
1753173675098,0.47168,0.43049,0.65083,0.43194,640,474,1280,632
1753173675116,0.47117,0.43002,0.65096,0.43217,640,474,1280,632
1753173675131,0.47149,0.43047,0.65088,0.43193,640,474,1280,632
1753173675148,0.47086,0.43031,0.65089,0.43216,640,474,1280,632
1753173675164,0.47115,0.43066,0.65074,0.43190,640,474,1280,632
1753173675181,0.47091,0.43067,0.65064,0.43208,640,474,1280,632
1753173675198,0.47123,0.43049,0.65075,0.43203,640,474,1280,632
1753173675214,0.47074,0.43006,0.65043,0.43199,640,474,1280,632
1753173675231,0.47098,0.43032,0.65036,0.43186,640,474,1280,632
1753173675248,0.47090,0.43012,0.65052,0.43197,640,474,1280,632
1753173675264,0.47093,0.43013,0.65031,0.43198,640,474,1280,632
1753173675281,0.47074,0.43025,0.65035,0.43188,640,474,1280,632
1753173675294,0.47046,0.43024,0.64979,0.43209,640,474,1280,632
1753173675313,0.47005,0.43019,0.64983,0.43213,640,474,1280,632
1753173675330,0.47045,0.43044,0.64984,0.43176,640,474,1280,632
1753173675346,0.47010,0.43025,0.64985,0.43218,640,474,1280,632
1753173675363,0.47051,0.43014,0.64994,0.43191,640,474,1280,632
1753173675380,0.46967,0.43044,0.64949,0.43207,640,474,1280,632
1753173675397,0.47008,0.43071,0.64972,0.43195,640,474,1280,632
1753173675413,0.46971,0.43044,0.64970,0.43230,640,474,1280,632
1753173675430,0.46980,0.43074,0.64966,0.43229,640,474,1280,632
1753173675447,0.46967,0.43086,0.64953,0.43157,640,474,1280,632
1753173675463,0.46934,0.43076,0.64938,0.43186,640,474,1280,632
1753173675480,0.46976,0.43063,0.64944,0.43164,640,474,1280,632
1753173675497,0.46950,0.43066,0.64935,0.43176,640,474,1280,632
1753173675514,0.46977,0.43073,0.64945,0.43183,640,474,1280,632
1753173675531,0.46947,0.43065,0.64956,0.43175,640,474,1280,632
1753173675548,0.46939,0.43061,0.64907,0.43163,640,474,1280,632
1753173675564,0.46898,0.43012,0.64903,0.43236,640,474,1280,632
1753173675581,0.46930,0.43054,0.64911,0.43178,640,474,1280,632
1753173675598,0.46871,0.43018,0.64843,0.43189,640,474,1280,632
1753173675614,0.46876,0.43057,0.64813,0.43181,640,474,1280,632
1753173675631,0.46871,0.43031,0.64826,0.43194,640,474,1280,632
1753173675648,0.46853,0.43080,0.64840,0.43174,640,474,1280,632
1753173675664,0.46859,0.43022,0.64832,0.43194,640,474,1280,632
1753173675681,0.46847,0.43085,0.64831,0.43179,640,474,1280,632
1753173675698,0.46782,0.43110,0.64734,0.43190,640,474,1280,632
1753173675715,0.46790,0.43070,0.64763,0.43180,640,474,1280,632
1753173675731,0.46768,0.43068,0.64778,0.43217,640,474,1280,632
1753173675748,0.46792,0.43056,0.64776,0.43213,640,474,1280,632
1753173675765,0.46703,0.43195,0.64574,0.43314,640,474,1280,632
1753173675782,0.46686,0.43227,0.64630,0.43329,640,474,1280,632
1753173675799,0.46699,0.43227,0.64617,0.43345,640,474,1280,632
1753173675815,0.46714,0.43215,0.64632,0.43326,640,474,1280,632
1753173675832,0.46707,0.43212,0.64607,0.43313,640,474,1280,632
1753173675849,0.46697,0.43215,0.64615,0.43326,640,474,1280,632
1753173675865,0.46602,0.43235,0.64474,0.43306,640,474,1280,632
1753173675882,0.46607,0.43250,0.64510,0.43314,640,474,1280,632
1753173675899,0.46587,0.43244,0.64518,0.43338,640,474,1280,632
1753173675915,0.46566,0.43259,0.64519,0.43322,640,474,1280,632
1753173675933,0.46598,0.43187,0.64420,0.43289,640,474,1280,632
1753173675950,0.46565,0.43151,0.64424,0.43305,640,474,1280,632
1753173675966,0.46582,0.43188,0.64430,0.43303,640,474,1280,632
1753173675983,0.46556,0.43170,0.64438,0.43293,640,474,1280,632
1753173676000,0.46572,0.43032,0.64391,0.43117,640,474,1280,632
1753173676016,0.46506,0.42995,0.64395,0.43217,640,474,1280,632
1753173676033,0.46519,0.42979,0.64386,0.43175,640,474,1280,632
1753173676050,0.46526,0.43032,0.64366,0.43161,640,474,1280,632
1753173676066,0.46526,0.42990,0.64402,0.43187,640,474,1280,632
1753173676083,0.46522,0.43017,0.64383,0.43184,640,474,1280,632
1753173676100,0.46521,0.42827,0.64326,0.42911,640,474,1280,632
1753173676117,0.46383,0.42709,0.64325,0.43006,640,474,1280,632
1753173676134,0.46408,0.42761,0.64345,0.42958,640,474,1280,632
1753173676150,0.46397,0.42712,0.64312,0.42971,640,474,1280,632
1753173676164,0.46363,0.42620,0.64279,0.42787,640,474,1280,632
1753173676181,0.46332,0.42578,0.64269,0.42840,640,474,1280,632
1753173676197,0.46317,0.42608,0.64293,0.42837,640,474,1280,632
1753173676213,0.46325,0.42579,0.64288,0.42824,640,474,1280,632
1753173676231,0.46329,0.42610,0.64288,0.42846,640,474,1280,632
1753173676252,0.46325,0.42588,0.64285,0.42833,640,474,1280,632
1753173676265,0.46424,0.42458,0.64294,0.42694,640,474,1280,632
1753173676282,0.46452,0.42518,0.64250,0.42672,640,474,1280,632
1753173676299,0.46418,0.42454,0.64282,0.42700,640,474,1280,632
1753173676316,0.46447,0.42513,0.64252,0.42645,640,474,1280,632
1753173676333,0.46441,0.42411,0.64325,0.42657,640,474,1280,632
1753173676350,0.46486,0.42446,0.64364,0.42614,640,474,1280,632
1753173676367,0.46510,0.42434,0.64349,0.42602,640,474,1280,632
1753173676384,0.46502,0.42451,0.64342,0.42581,640,474,1280,632
1753173676401,0.46497,0.42424,0.64359,0.42584,640,474,1280,632
1753173676417,0.46498,0.42428,0.64358,0.42588,640,474,1280,632
1753173676435,0.46584,0.42372,0.64493,0.42662,640,474,1280,632
1753173676452,0.46743,0.42391,0.64511,0.42611,640,474,1280,632
1753173676469,0.46703,0.42393,0.64506,0.42622,640,474,1280,632
1753173676485,0.46719,0.42396,0.64521,0.42594,640,474,1280,632
1753173676502,0.46721,0.42442,0.64630,0.42723,640,474,1280,632
1753173676518,0.46817,0.42464,0.64603,0.42624,640,474,1280,632
1753173676535,0.46824,0.42436,0.64609,0.42617,640,474,1280,632
1753173676552,0.46841,0.42456,0.64585,0.42607,640,474,1280,632
1753173676568,0.46849,0.42486,0.64730,0.42729,640,474,1280,632
1753173676585,0.46965,0.42503,0.64756,0.42715,640,474,1280,632
1753173676603,0.46899,0.42484,0.64749,0.42705,640,474,1280,632
1753173676619,0.46932,0.42498,0.64739,0.42680,640,474,1280,632
1753173676636,0.46912,0.42478,0.64743,0.42698,640,474,1280,632
1753173676652,0.46922,0.42501,0.64750,0.42713,640,474,1280,632
1753173676669,0.46939,0.42522,0.64886,0.42887,640,474,1280,632
1753173676685,0.47092,0.42544,0.64873,0.42878,640,474,1280,632
1753173676701,0.46979,0.42538,0.64877,0.42925,640,474,1280,632
1753173676715,0.47084,0.42602,0.64985,0.42920,640,474,1280,632
1753173676732,0.47091,0.42617,0.64996,0.42920,640,474,1280,632
1753173676748,0.47084,0.42628,0.64994,0.42923,640,474,1280,632
1753173676765,0.47094,0.42614,0.64983,0.42932,640,474,1280,632
1753173676782,0.47108,0.42628,0.64974,0.42923,640,474,1280,632
1753173676798,0.47095,0.42614,0.64986,0.42932,640,474,1280,632
1753173676814,0.47086,0.42628,0.64976,0.42923,640,474,1280,632
1753173676831,0.47142,0.42645,0.65034,0.42963,640,474,1280,632
1753173676848,0.47181,0.42655,0.65024,0.42980,640,474,1280,632
1753173676864,0.47156,0.42640,0.65015,0.42965,640,474,1280,632
1753173676881,0.47136,0.42628,0.65024,0.42984,640,474,1280,632
1753173676897,0.47137,0.42645,0.65024,0.43009,640,474,1280,632
1753173676915,0.47138,0.42654,0.65057,0.43032,640,474,1280,632
1753173676931,0.47127,0.42672,0.65054,0.43012,640,474,1280,632
1753173676949,0.47145,0.42659,0.65028,0.42998,640,474,1280,632
1753173676965,0.47147,0.42670,0.65054,0.43017,640,474,1280,632
1753173676982,0.47129,0.42653,0.65036,0.43009,640,474,1280,632
1753173676998,0.47133,0.42671,0.65065,0.43019,640,474,1280,632
1753173677016,0.47100,0.42696,0.65040,0.43053,640,474,1280,632
1753173677033,0.47104,0.42694,0.65047,0.43020,640,474,1280,632
1753173677046,0.47069,0.42722,0.64945,0.43017,640,474,1280,632
1753173677065,0.46978,0.42680,0.64957,0.43045,640,474,1280,632
1753173677082,0.47059,0.42714,0.64954,0.43031,640,474,1280,632
1753173677098,0.46984,0.42684,0.64963,0.43079,640,474,1280,632
1753173677116,0.46983,0.42769,0.64814,0.42995,640,474,1280,632
1753173677132,0.46877,0.42718,0.64811,0.43107,640,474,1280,632
1753173677149,0.46920,0.42711,0.64805,0.43089,640,474,1280,632
1753173677165,0.46892,0.42671,0.64797,0.43132,640,474,1280,632
1753173677182,0.46899,0.42676,0.64804,0.43076,640,474,1280,632
1753173677198,0.46898,0.42688,0.64809,0.43088,640,474,1280,632
1753173677212,0.46893,0.42719,0.64761,0.43088,640,474,1280,632
1753173677230,0.46871,0.42698,0.64741,0.43137,640,474,1280,632
1753173677248,0.46869,0.42696,0.64760,0.43126,640,474,1280,632
1753173677265,0.46884,0.42706,0.64750,0.43136,640,474,1280,632
1753173677282,0.46836,0.42746,0.64724,0.43085,640,474,1280,632
1753173677299,0.46793,0.42712,0.64688,0.43164,640,474,1280,632
1753173677315,0.46806,0.42760,0.64696,0.43151,640,474,1280,632
1753173677332,0.46788,0.42713,0.64694,0.43174,640,474,1280,632
1753173677348,0.46805,0.42732,0.64700,0.43154,640,474,1280,632
1753173677364,0.46798,0.42705,0.64708,0.43158,640,474,1280,632
1753173678382,0.45364,0.43042,0.63307,0.43022,960,474,1280,632
1753173678399,0.45335,0.43007,0.63323,0.43026,960,474,1280,632
1753173678416,0.45290,0.42951,0.63256,0.42961,960,474,1280,632
1753173678433,0.45261,0.42864,0.63293,0.42982,960,474,1280,632
1753173678450,0.45283,0.42914,0.63271,0.42963,960,474,1280,632
1753173678466,0.45275,0.42926,0.63280,0.42967,960,474,1280,632
1753173678483,0.45279,0.42907,0.63285,0.42987,960,474,1280,632
1753173678500,0.45280,0.42926,0.63263,0.42967,960,474,1280,632
1753173678517,0.45307,0.42785,0.63244,0.42835,960,474,1280,632
1753173678533,0.45306,0.42828,0.63269,0.42769,960,474,1280,632
1753173678550,0.45301,0.42821,0.63264,0.42810,960,474,1280,632
1753173678567,0.45318,0.42714,0.63238,0.42663,960,474,1280,632
1753173678583,0.45295,0.42686,0.63246,0.42666,960,474,1280,632
1753173678600,0.45303,0.42672,0.63257,0.42660,960,474,1280,632
1753173678617,0.45309,0.42709,0.63244,0.42667,960,474,1280,632
1753173678633,0.45310,0.42662,0.63268,0.42650,960,474,1280,632
1753173678650,0.45315,0.42687,0.63255,0.42667,960,474,1280,632
1753173678667,0.45314,0.42622,0.63253,0.42610,960,474,1280,632
1753173678683,0.45302,0.42640,0.63247,0.42606,960,474,1280,632
1753173678699,0.45291,0.42608,0.63235,0.42605,960,474,1280,632
1753173678716,0.45313,0.42626,0.63235,0.42614,960,474,1280,632
1753173678732,0.45314,0.42601,0.63238,0.42629,960,474,1280,632
1753173678749,0.45281,0.42628,0.63247,0.42617,960,474,1280,632
1753173678767,0.45282,0.42616,0.63239,0.42635,960,474,1280,632
1753173678783,0.45277,0.42611,0.63236,0.42630,960,474,1280,632
1753173678800,0.45283,0.42630,0.63242,0.42640,960,474,1280,632
1753173678816,0.45296,0.42604,0.63250,0.42623,960,474,1280,632
1753173678833,0.45290,0.42641,0.63226,0.42690,960,474,1280,632
1753173678850,0.45288,0.42625,0.63238,0.42710,960,474,1280,632
1753173678866,0.45303,0.42634,0.63252,0.42705,960,474,1280,632
1753173678882,0.45318,0.42634,0.63244,0.42675,960,474,1280,632
1753173678900,0.45332,0.42684,0.63304,0.42747,960,474,1280,632
1753173678917,0.45326,0.42686,0.63298,0.42749,960,474,1280,632
1753173678933,0.45345,0.42689,0.63279,0.42752,960,474,1280,632
1753173678950,0.45341,0.42662,0.63305,0.42786,960,474,1280,632
1753173678967,0.45374,0.42653,0.63384,0.42920,960,474,1280,632
1753173678984,0.45412,0.42731,0.63322,0.42821,960,474,1280,632
1753173679000,0.45362,0.42707,0.63320,0.42845,960,474,1280,632
1753173679018,0.45352,0.42715,0.63304,0.42800,960,474,1280,632
1753173679034,0.45369,0.42722,0.63322,0.42799,960,474,1280,632
1753173679051,0.45378,0.42732,0.63310,0.42786,960,474,1280,632
1753173679068,0.45385,0.42704,0.63295,0.42849,960,474,1280,632
1753173679084,0.45376,0.42723,0.63304,0.42822,960,474,1280,632
1753173679101,0.45392,0.42722,0.63322,0.42821,960,474,1280,632
1753173679117,0.45390,0.42722,0.63299,0.42820,960,474,1280,632
1753173679134,0.45327,0.42786,0.63259,0.42794,960,474,1280,632
1753173679151,0.45324,0.42733,0.63265,0.42849,960,474,1280,632
1753173679167,0.45338,0.42734,0.63252,0.42841,960,474,1280,632
1753173679183,0.45340,0.42732,0.63256,0.42839,960,474,1280,632
1753173679200,0.45321,0.42766,0.63260,0.42842,960,474,1280,632
1753173679218,0.45323,0.42764,0.63265,0.42810,960,474,1280,632
1753173679234,0.45325,0.42884,0.63223,0.42900,960,474,1280,632
1753173679251,0.45307,0.42854,0.63238,0.42931,960,474,1280,632
1753173679268,0.45310,0.42822,0.63220,0.42929,960,474,1280,632
1753173679284,0.45316,0.42863,0.63232,0.42970,960,474,1280,632
1753173679301,0.45276,0.42936,0.63187,0.43043,960,474,1280,632
1753173679317,0.45250,0.42896,0.63175,0.43095,960,474,1280,632
1753173679334,0.45254,0.42881,0.63180,0.43117,960,474,1280,632
1753173679350,0.45250,0.42872,0.63198,0.43131,960,474,1280,632
1753173679367,0.45255,0.42884,0.63177,0.43113,960,474,1280,632
1753173679383,0.45264,0.42864,0.63211,0.43162,960,474,1280,632
1753173679400,0.45172,0.43032,0.63076,0.43079,960,474,1280,632
1753173679417,0.45115,0.42986,0.63096,0.43154,960,474,1280,632
1753173679433,0.45103,0.42968,0.63116,0.43175,960,474,1280,632
1753173679450,0.45098,0.43003,0.63102,0.43179,960,474,1280,632
1753173679467,0.45090,0.43099,0.62988,0.43153,960,474,1280,632
1753173679484,0.45010,0.43033,0.62979,0.43201,960,474,1280,632
1753173679500,0.45024,0.43052,0.63023,0.43237,960,474,1280,632
1753173679516,0.45021,0.43006,0.62977,0.43234,960,474,1280,632
1753173679533,0.45069,0.43117,0.62959,0.43163,960,474,1280,632
1753173679549,0.45012,0.43065,0.62924,0.43219,960,474,1280,632
1753173679566,0.45003,0.43075,0.62933,0.43199,960,474,1280,632
1753173679583,0.45016,0.43105,0.62919,0.43190,960,474,1280,632
1753173679600,0.45013,0.43088,0.62916,0.43182,960,474,1280,632
1753173679616,0.45012,0.43078,0.62915,0.43194,960,474,1280,632
1753173679634,0.45068,0.43088,0.62954,0.43233,960,474,1280,632
1753173679651,0.45054,0.43072,0.62936,0.43209,960,474,1280,632
1753173679668,0.45044,0.43096,0.62930,0.43202,960,474,1280,632
1753173679684,0.45069,0.43089,0.62959,0.43196,960,474,1280,632
1753173679702,0.45094,0.43088,0.63010,0.43256,960,474,1280,632
1753173679719,0.45069,0.43051,0.63032,0.43258,960,474,1280,632
1753173679735,0.45097,0.43090,0.63019,0.43236,960,474,1280,632
1753173679752,0.45090,0.43103,0.63003,0.43201,960,474,1280,632
1753173679768,0.45098,0.43097,0.63008,0.43235,960,474,1280,632
1753173679785,0.45084,0.43072,0.63029,0.43210,960,474,1280,632
1753173679802,0.45123,0.43085,0.63056,0.43291,960,474,1280,632
1753173679819,0.45121,0.43129,0.63026,0.43206,960,474,1280,632
1753173679835,0.45132,0.43107,0.63020,0.43205,960,474,1280,632
1753173679849,0.45143,0.43142,0.63077,0.43332,960,474,1280,632
1753173679867,0.45121,0.43143,0.63042,0.43272,960,474,1280,632
1753173679887,0.45149,0.43201,0.63037,0.43269,960,474,1280,632
1753173679904,0.45149,0.43174,0.63014,0.43272,960,474,1280,632
1753173679921,0.45149,0.43177,0.63014,0.43276,960,474,1280,632
1753173679938,0.45149,0.43181,0.63014,0.43279,960,474,1280,632
1753173679952,0.45148,0.43241,0.63038,0.43339,960,474,1280,632
1753173679969,0.45178,0.43253,0.63042,0.43291,960,474,1280,632
1753173679985,0.45230,0.43274,0.63012,0.43271,960,474,1280,632
1753173680003,0.45156,0.43262,0.63024,0.43308,960,474,1280,632
1753173680017,0.45229,0.43275,0.63013,0.43333,960,474,1280,632
1753173680034,0.45187,0.43303,0.63039,0.43310,960,474,1280,632
1753173680051,0.45192,0.43294,0.63044,0.43292,960,474,1280,632
1753173680068,0.45172,0.43278,0.63024,0.43316,960,474,1280,632
1753173680084,0.45172,0.43281,0.63024,0.43318,960,474,1280,632
1753173680101,0.45172,0.43314,0.63047,0.43351,960,474,1280,632
1753173680117,0.45188,0.43301,0.63042,0.43330,960,474,1280,632
1753173680134,0.45160,0.43276,0.63041,0.43344,960,474,1280,632
1753173680151,0.45160,0.43279,0.63041,0.43347,960,474,1280,632
1753173680168,0.45192,0.43289,0.63033,0.43357,960,474,1280,632
1753173680185,0.45223,0.43244,0.63080,0.43394,960,474,1280,632
1753173680201,0.45288,0.43307,0.63074,0.43326,960,474,1280,632
1753173680218,0.45285,0.43319,0.63077,0.43325,960,474,1280,632
1753173680234,0.45287,0.43301,0.63061,0.43328,960,474,1280,632
1753173680251,0.45294,0.43299,0.63069,0.43357,960,474,1280,632
1753173680268,0.45284,0.43267,0.63129,0.43326,960,474,1280,632
1753173680285,0.45286,0.43253,0.63115,0.43316,960,474,1280,632
1753173680301,0.45248,0.43246,0.63126,0.43327,960,474,1280,632
1753173680318,0.45304,0.43261,0.63121,0.43324,960,474,1280,632
1753173680335,0.45232,0.43260,0.63131,0.43310,960,474,1280,632
1753173680353,0.45252,0.43277,0.63071,0.43318,960,474,1280,632
1753173680369,0.45177,0.43264,0.63101,0.43315,960,474,1280,632
1753173680386,0.45209,0.43288,0.63087,0.43299,960,474,1280,632
1753173680402,0.45180,0.43269,0.63083,0.43320,960,474,1280,632
1753173680419,0.45242,0.43235,0.63039,0.43245,960,474,1280,632
1753173680436,0.45194,0.43243,0.63054,0.43263,960,474,1280,632
1753173680452,0.45241,0.43255,0.63038,0.43274,960,474,1280,632
1753173680468,0.45202,0.43251,0.63038,0.43271,960,474,1280,632
1753173680484,0.45241,0.43253,0.63041,0.43272,960,474,1280,632
1753173680502,0.45239,0.43227,0.63039,0.43276,960,474,1280,632
1753173680519,0.45214,0.43230,0.63015,0.43311,960,474,1280,632
1753173680535,0.45144,0.43248,0.63035,0.43298,960,474,1280,632
1753173680552,0.45194,0.43250,0.63026,0.43300,960,474,1280,632
1753173680568,0.45143,0.43247,0.63038,0.43297,960,474,1280,632
1753173680585,0.45130,0.43279,0.62967,0.43329,960,474,1280,632
1753173680602,0.45080,0.43292,0.62998,0.43325,960,474,1280,632
1753173680618,0.45106,0.43323,0.62990,0.43334,960,474,1280,632
1753173680636,0.45064,0.43309,0.63008,0.43320,960,474,1280,632
1753173680653,0.44736,0.43268,0.62513,0.43544,960,474,1280,632
1753173680669,0.44685,0.43286,0.62566,0.43432,960,474,1280,632
1753173680686,0.44738,0.43272,0.62574,0.43474,960,474,1280,632
1753173680702,0.44725,0.43285,0.62555,0.43487,960,474,1280,632
1753173680718,0.44731,0.43264,0.62584,0.43466,960,474,1280,632
1753173680735,0.44728,0.43252,0.62586,0.43476,960,474,1280,632
1753173680752,0.44705,0.43264,0.62615,0.43467,960,474,1280,632
1753173680768,0.44747,0.43264,0.62614,0.43471,960,474,1280,632
1753173680784,0.44733,0.43265,0.62620,0.43481,960,474,1280,632
1753173680801,0.44729,0.43270,0.62619,0.43516,960,474,1280,632
1753173680818,0.44771,0.43271,0.62644,0.43456,960,474,1280,632
1753173680834,0.44782,0.43266,0.62603,0.43472,960,474,1280,632
1753173680851,0.44781,0.43275,0.62590,0.43472,960,474,1280,632
1753173680868,0.44791,0.43276,0.62583,0.43472,960,474,1280,632
1753173680884,0.44769,0.43301,0.62596,0.43489,960,474,1280,632
1753173680901,0.44767,0.43292,0.62596,0.43488,960,474,1280,632
1753173680918,0.44819,0.43259,0.62673,0.43448,960,474,1280,632
1753173680934,0.44803,0.43284,0.62668,0.43477,960,474,1280,632
1753173680951,0.44831,0.43310,0.62629,0.43463,960,474,1280,632
1753173680968,0.44814,0.43303,0.62619,0.43456,960,474,1280,632
1753173680985,0.45156,0.43307,0.63062,0.43393,960,474,1280,632
1753173681002,0.45181,0.43315,0.63008,0.43443,960,474,1280,632
1753173681018,0.45188,0.43285,0.63023,0.43500,960,474,1280,632
1753173681035,0.45197,0.43280,0.63009,0.43516,960,474,1280,632
1753173681052,0.45179,0.43281,0.63016,0.43487,960,474,1280,632
1753173681069,0.45215,0.43247,0.63014,0.43505,960,474,1280,632
1753173681085,0.45353,0.43360,0.63201,0.43413,960,474,1280,632
1753173681102,0.45331,0.43348,0.63209,0.43393,960,474,1280,632
1753173681118,0.45293,0.43329,0.63215,0.43361,960,474,1280,632
1753173681135,0.45319,0.43339,0.63201,0.43362,960,474,1280,632
1753173681152,0.45392,0.43314,0.63365,0.43400,960,474,1280,632
1753173681168,0.45466,0.43342,0.63331,0.43418,960,474,1280,632
1753173681185,0.45460,0.43355,0.63327,0.43409,960,474,1280,632
1753173681201,0.45435,0.43367,0.63326,0.43399,960,474,1280,632
1753173681218,0.45482,0.43337,0.63420,0.43491,960,474,1280,632
1753173681235,0.45573,0.43428,0.63420,0.43503,960,474,1280,632
1753173681251,0.45528,0.43434,0.63422,0.43465,960,474,1280,632
1753173681268,0.45582,0.43400,0.63418,0.43493,960,474,1280,632
1753173681285,0.45558,0.43424,0.63412,0.43495,960,474,1280,632
1753173681302,0.45561,0.43413,0.63420,0.43484,960,474,1280,632
1753173681319,0.45612,0.43417,0.63493,0.43549,960,474,1280,632
1753173681336,0.45615,0.43417,0.63487,0.43532,960,474,1280,632
1753173681352,0.45603,0.43433,0.63474,0.43557,960,474,1280,632
1753173681369,0.45599,0.43438,0.63492,0.43562,960,474,1280,632
1753173681386,0.45601,0.43412,0.63516,0.43567,960,474,1280,632
1753173682419,0.45384,0.43419,0.63382,0.43654,1254,474,1280,632
1753173682436,0.45452,0.43328,0.63376,0.43670,1254,474,1280,632
1753173682452,0.45418,0.43443,0.63389,0.43669,1254,474,1280,632
1753173682469,0.45425,0.43371,0.63390,0.43666,1254,474,1280,632
1753173682486,0.45439,0.43418,0.63389,0.43683,1254,474,1280,632
1753173682502,0.45448,0.43425,0.63384,0.43667,1254,474,1280,632
1753173682519,0.45446,0.43458,0.63357,0.43682,1254,474,1280,632
1753173682536,0.45447,0.43423,0.63361,0.43670,1254,474,1280,632
1753173682552,0.45435,0.43402,0.63360,0.43670,1254,474,1280,632
1753173682569,0.45437,0.43415,0.63373,0.43653,1254,474,1280,632
1753173682585,0.45424,0.43420,0.63365,0.43658,1254,474,1280,632
1753173682602,0.45429,0.43394,0.63375,0.43663,1254,474,1280,632
1753173682619,0.45436,0.43386,0.63385,0.43664,1254,474,1280,632
1753173682636,0.45421,0.43377,0.63399,0.43655,1254,474,1280,632
1753173682653,0.45430,0.43382,0.63366,0.43659,1254,474,1280,632
1753173682669,0.45438,0.43375,0.63403,0.43614,1254,474,1280,632
1753173682685,0.45413,0.43364,0.63396,0.43612,1254,474,1280,632
1753173682702,0.45422,0.43356,0.63388,0.43634,1254,474,1280,632
1753173682719,0.45437,0.43366,0.63383,0.43613,1254,474,1280,632
1753173682735,0.45417,0.43352,0.63391,0.43638,1254,474,1280,632
1753173682752,0.45420,0.43382,0.63373,0.43638,1254,474,1280,632
1753173682769,0.45381,0.43399,0.63360,0.43656,1254,474,1280,632
1753173682786,0.45380,0.43398,0.63369,0.43684,1254,474,1280,632
1753173682802,0.45382,0.43412,0.63373,0.43668,1254,474,1280,632
1753173682819,0.45385,0.43402,0.63364,0.43689,1254,474,1280,632
1753173682837,0.45411,0.43447,0.63321,0.43763,1254,474,1280,632
1753173682853,0.45393,0.43364,0.63311,0.43751,1254,474,1280,632
1753173682870,0.45388,0.43396,0.63322,0.43730,1254,474,1280,632
1753173682887,0.45386,0.43398,0.63320,0.43754,1254,474,1280,632
1753173682904,0.45361,0.43429,0.63301,0.43754,1254,474,1280,632
1753173682921,0.45361,0.43445,0.63315,0.43770,1254,474,1280,632
1753173682938,0.45344,0.43428,0.63312,0.43763,1254,474,1280,632
1753173682955,0.45356,0.43439,0.63321,0.43765,1254,474,1280,632
1753173682971,0.45332,0.43451,0.63303,0.43755,1254,474,1280,632
1753173682988,0.45335,0.43448,0.63309,0.43774,1254,474,1280,632
1753173683005,0.45338,0.43502,0.63276,0.43775,1254,474,1280,632
1753173683022,0.45341,0.43481,0.63303,0.43807,1254,474,1280,632
1753173683039,0.45331,0.43464,0.63284,0.43799,1254,474,1280,632
1753173683052,0.45306,0.43526,0.63259,0.43821,1254,474,1280,632
1753173683070,0.45317,0.43506,0.63272,0.43823,1254,474,1280,632
1753173683087,0.45333,0.43514,0.63277,0.43830,1254,474,1280,632
1753173683103,0.45318,0.43493,0.63265,0.43840,1254,474,1280,632
1753173683121,0.45325,0.43516,0.63277,0.43824,1254,474,1280,632
1753173683137,0.45329,0.43527,0.63275,0.43813,1254,474,1280,632
1753173683151,0.45272,0.43579,0.63238,0.43805,1254,474,1280,632
1753173683169,0.45284,0.43526,0.63267,0.43874,1254,474,1280,632
1753173683186,0.45309,0.43541,0.63253,0.43845,1254,474,1280,632
1753173683203,0.45305,0.43594,0.63268,0.43837,1254,474,1280,632
1753173683220,0.45297,0.43543,0.63266,0.43856,1254,474,1280,632
1753173683237,0.45258,0.43592,0.63233,0.43813,1254,474,1280,632
1753173683254,0.45234,0.43542,0.63240,0.43847,1254,474,1280,632
1753173683270,0.45239,0.43568,0.63224,0.43851,1254,474,1280,632
1753173683287,0.45240,0.43558,0.63230,0.43840,1254,474,1280,632
1753173683304,0.45231,0.43566,0.63223,0.43848,1254,474,1280,632
1753173683320,0.45231,0.43565,0.63230,0.43847,1254,474,1280,632
1753173683337,0.45211,0.43608,0.63188,0.43860,1254,474,1280,632
1753173683353,0.45226,0.43505,0.63181,0.43857,1254,474,1280,632
1753173683370,0.45222,0.43517,0.63209,0.43830,1254,474,1280,632
1753173683387,0.45222,0.43539,0.63168,0.43843,1254,474,1280,632
1753173683403,0.45208,0.43524,0.63159,0.43836,1254,474,1280,632
1753173683420,0.45219,0.43496,0.63154,0.43830,1254,474,1280,632
1753173683437,0.45210,0.43500,0.63149,0.43834,1254,474,1280,632
1753173683453,0.45189,0.43564,0.63157,0.43807,1254,474,1280,632
1753173683470,0.45162,0.43551,0.63152,0.43851,1254,474,1280,632
1753173683487,0.45184,0.43578,0.63153,0.43817,1254,474,1280,632
1753173683503,0.45179,0.43544,0.63131,0.43843,1254,474,1280,632
1753173683520,0.45182,0.43545,0.63138,0.43814,1254,474,1280,632
1753173683537,0.45162,0.43550,0.63144,0.43850,1254,474,1280,632
1753173683553,0.45175,0.43533,0.63141,0.43833,1254,474,1280,632
1753173683569,0.45180,0.43580,0.63152,0.43832,1254,474,1280,632
1753173683586,0.45161,0.43559,0.63151,0.43832,1254,474,1280,632
1753173683603,0.45173,0.43564,0.63149,0.43847,1254,474,1280,632
1753173683620,0.45237,0.43492,0.63218,0.43866,1254,474,1280,632
1753173683637,0.45248,0.43591,0.63221,0.43856,1254,474,1280,632
1753173683653,0.45247,0.43553,0.63204,0.43865,1254,474,1280,632
1753173683670,0.45242,0.43572,0.63204,0.43884,1254,474,1280,632
1753173683687,0.45237,0.43567,0.63224,0.43871,1254,474,1280,632
1753173683701,0.45227,0.43547,0.63221,0.43860,1254,474,1280,632
1753173683720,0.45258,0.43517,0.63252,0.43852,1254,474,1280,632
1753173683740,0.45250,0.43583,0.63258,0.43827,1254,474,1280,632
1753173683758,0.45279,0.43546,0.63249,0.43820,1254,474,1280,632
1753173683775,0.45260,0.43547,0.63253,0.43842,1254,474,1280,632
1753173683789,0.45258,0.43527,0.63258,0.43831,1254,474,1280,632
1753173683806,0.45284,0.43514,0.63246,0.43765,1254,474,1280,632
1753173683822,0.45273,0.43545,0.63225,0.43787,1254,474,1280,632
1753173683840,0.45274,0.43537,0.63257,0.43811,1254,474,1280,632
1753173683856,0.45288,0.43509,0.63229,0.43813,1254,474,1280,632
1753173683873,0.45278,0.43524,0.63228,0.43766,1254,474,1280,632
1753173683890,0.45275,0.43488,0.63227,0.43722,1254,474,1280,632
1753173683907,0.45285,0.43474,0.63241,0.43708,1254,474,1280,632
1753173683923,0.45283,0.43472,0.63245,0.43706,1254,474,1280,632
1753173683940,0.45292,0.43469,0.63261,0.43704,1254,474,1280,632
1753173683956,0.45272,0.43490,0.63205,0.43733,1254,474,1280,632
1753173683973,0.45254,0.43487,0.63228,0.43774,1254,474,1280,632
1753173683990,0.45266,0.43468,0.63223,0.43763,1254,474,1280,632
1753173684007,0.45260,0.43480,0.63218,0.43745,1254,474,1280,632
1753173684024,0.45242,0.43439,0.63205,0.43734,1254,474,1280,632
1753173684041,0.45244,0.43463,0.63225,0.43750,1254,474,1280,632
1753173684058,0.45262,0.43460,0.63191,0.43746,1254,474,1280,632
1753173684074,0.45239,0.43418,0.63232,0.43713,1254,474,1280,632
1753173684091,0.45254,0.43433,0.63208,0.43728,1254,474,1280,632
1753173684109,0.45244,0.43458,0.63221,0.43731,1254,474,1280,632
1753173684125,0.45232,0.43467,0.63174,0.43771,1254,474,1280,632
1753173684141,0.45223,0.43458,0.63177,0.43774,1254,474,1280,632
1753173684158,0.45214,0.43465,0.63181,0.43782,1254,474,1280,632
1753173684172,0.45225,0.43550,0.63127,0.43826,1254,474,1280,632
1753173684189,0.45212,0.43498,0.63139,0.43836,1254,474,1280,632
1753173684205,0.45207,0.43485,0.63142,0.43823,1254,474,1280,632
1753173684222,0.45201,0.43489,0.63133,0.43857,1254,474,1280,632
1753173684239,0.45201,0.43478,0.63146,0.43825,1254,474,1280,632
1753173684256,0.45190,0.43506,0.63114,0.43844,1254,474,1280,632
1753173684273,0.45202,0.43489,0.63136,0.43827,1254,474,1280,632
1753173684291,0.45191,0.43574,0.63131,0.43873,1254,474,1280,632
1753173684307,0.45204,0.43544,0.63143,0.43873,1254,474,1280,632
1753173684324,0.45202,0.43543,0.63135,0.43873,1254,474,1280,632
1753173684341,0.45195,0.43550,0.63133,0.43879,1254,474,1280,632
1753173684358,0.45152,0.43617,0.63188,0.43887,1254,474,1280,632
1753173684374,0.45154,0.43603,0.63191,0.43873,1254,474,1280,632
1753173684391,0.45164,0.43621,0.63186,0.43891,1254,474,1280,632
1753173684408,0.45154,0.43606,0.63200,0.43876,1254,474,1280,632
1753173684424,0.45154,0.43617,0.63180,0.43887,1254,474,1280,632
1753173684441,0.45136,0.43719,0.63144,0.43897,1254,474,1280,632
1753173684458,0.45171,0.43677,0.63146,0.43915,1254,474,1280,632
1753173684474,0.45153,0.43682,0.63139,0.43908,1254,474,1280,632
1753173684491,0.45147,0.43694,0.63160,0.43903,1254,474,1280,632
1753173684504,0.45095,0.43772,0.63045,0.43927,1254,474,1280,632
1753173684521,0.45124,0.43696,0.63074,0.43973,1254,474,1280,632
1753173684538,0.45100,0.43711,0.63079,0.43976,1254,474,1280,632
1753173684554,0.45097,0.43676,0.63075,0.44010,1254,474,1280,632
1753173684571,0.45109,0.43717,0.63075,0.43990,1254,474,1280,632
1753173684588,0.45042,0.43722,0.63026,0.43965,1254,474,1280,632
1753173684605,0.45033,0.43660,0.63000,0.43994,1254,474,1280,632
1753173684622,0.45044,0.43674,0.63012,0.43978,1254,474,1280,632
1753173684639,0.45047,0.43648,0.63020,0.43982,1254,474,1280,632
1753173684655,0.45045,0.43652,0.63022,0.43986,1254,474,1280,632
1753173684672,0.45011,0.43663,0.62976,0.43967,1254,474,1280,632
1753173684689,0.44995,0.43669,0.62969,0.43982,1254,474,1280,632
1753173684705,0.44994,0.43667,0.62977,0.43971,1254,474,1280,632
1753173684722,0.45002,0.43671,0.62967,0.43975,1254,474,1280,632
1753173684735,0.44982,0.43675,0.62998,0.43918,1254,474,1280,632
1753173684756,0.45002,0.43671,0.63003,0.43923,1254,474,1280,632
1753173684776,0.44981,0.43716,0.62996,0.43938,1254,474,1280,632
1753173684791,0.44996,0.43655,0.63001,0.43938,1254,474,1280,632
1753173684809,0.45005,0.43667,0.63010,0.43920,1254,474,1280,632
1753173684825,0.44982,0.43700,0.62993,0.43922,1254,474,1280,632
1753173684839,0.44988,0.43660,0.62985,0.43982,1254,474,1280,632
1753173684856,0.44992,0.43758,0.62989,0.43992,1254,474,1280,632
1753173684872,0.44994,0.43676,0.62999,0.44002,1254,474,1280,632
1753173684888,0.45003,0.43723,0.63016,0.44019,1254,474,1280,632
1753173684905,0.45049,0.43667,0.63043,0.44024,1254,474,1280,632
1753173684922,0.45077,0.43761,0.63041,0.43995,1254,474,1280,632
1753173684938,0.45069,0.43737,0.63050,0.44032,1254,474,1280,632
1753173684954,0.45058,0.43762,0.63052,0.43987,1254,474,1280,632
1753173684971,0.45044,0.43722,0.63040,0.43987,1254,474,1280,632
1753173684987,0.45074,0.43748,0.63058,0.43973,1254,474,1280,632
1753173685004,0.45119,0.43635,0.63102,0.43961,1254,474,1280,632
1753173685020,0.45131,0.43743,0.63095,0.43947,1254,474,1280,632
1753173685037,0.45129,0.43707,0.63110,0.43963,1254,474,1280,632
1753173685055,0.45143,0.43719,0.63111,0.43975,1254,474,1280,632
1753173685072,0.45143,0.43629,0.63130,0.43977,1254,474,1280,632
1753173685088,0.45152,0.43637,0.63143,0.43932,1254,474,1280,632
1753173685105,0.45133,0.43584,0.63147,0.43950,1254,474,1280,632
1753173685122,0.45124,0.43682,0.63154,0.43917,1254,474,1280,632
1753173685138,0.45150,0.43566,0.63170,0.43962,1254,474,1280,632
1753173685155,0.45158,0.43664,0.63171,0.43960,1254,474,1280,632
1753173685172,0.45176,0.43602,0.63169,0.43968,1254,474,1280,632
1753173685188,0.45146,0.43678,0.63174,0.43943,1254,474,1280,632
1753173685205,0.45155,0.43632,0.63156,0.43958,1254,474,1280,632
1753173685222,0.45172,0.43627,0.63168,0.43931,1254,474,1280,632
1753173685239,0.45208,0.43621,0.63175,0.44008,1254,474,1280,632
1753173685255,0.45200,0.43675,0.63221,0.43984,1254,474,1280,632
1753173685272,0.45211,0.43681,0.63210,0.43999,1254,474,1280,632
1753173685288,0.45205,0.43664,0.63191,0.43981,1254,474,1280,632
1753173685305,0.45194,0.43669,0.63207,0.44017,1254,474,1280,632
1753173685323,0.45175,0.43700,0.63208,0.44031,1254,474,1280,632
1753173685339,0.45182,0.43681,0.63217,0.44012,1254,474,1280,632
1753173685355,0.45199,0.43689,0.63216,0.44019,1254,474,1280,632
1753173685371,0.45194,0.43677,0.63215,0.44047,1254,474,1280,632
1753173685388,0.45199,0.43674,0.63210,0.44036,1254,474,1280,632
1753173685405,0.45199,0.43778,0.63214,0.44017,1254,474,1280,632
1753173685422,0.45217,0.43705,0.63204,0.44022,1254,474,1280,632
1753173686456,0.48046,0.44129,0.65734,0.44586,26,619,1280,632
1753173686472,0.48050,0.44143,0.65724,0.44560,26,619,1280,632
1753173686489,0.48035,0.44128,0.65727,0.44586,26,619,1280,632
1753173686506,0.48065,0.44152,0.65739,0.44569,26,619,1280,632
1753173686523,0.47988,0.44148,0.65642,0.44522,26,619,1280,632
1753173686539,0.47975,0.44166,0.65665,0.44501,26,619,1280,632
1753173686556,0.47989,0.44174,0.65659,0.44518,26,619,1280,632
1753173686573,0.48000,0.44160,0.65668,0.44513,26,619,1280,632
1753173686590,0.47935,0.44179,0.65582,0.44492,26,619,1280,632
1753173686608,0.47940,0.44201,0.65607,0.44545,26,619,1280,632
1753173686625,0.47939,0.44180,0.65594,0.44541,26,619,1280,632
1753173686641,0.47932,0.44181,0.65602,0.44564,26,619,1280,632
1753173686658,0.47938,0.44195,0.65590,0.44548,26,619,1280,632
1753173686675,0.47925,0.44193,0.65603,0.44546,26,619,1280,632
1753173686691,0.47849,0.44261,0.65554,0.44500,26,619,1280,632
1753173686708,0.47802,0.44247,0.65519,0.44526,26,619,1280,632
1753173686725,0.47794,0.44250,0.65515,0.44520,26,619,1280,632
1753173686741,0.47818,0.44249,0.65532,0.44550,26,619,1280,632
1753173686758,0.47817,0.44300,0.65542,0.44509,26,619,1280,632
1753173686775,0.47806,0.44266,0.65492,0.44555,26,619,1280,632
1753173686791,0.47817,0.44267,0.65490,0.44537,26,619,1280,632
1753173686808,0.47811,0.44256,0.65486,0.44566,26,619,1280,632
1753173686825,0.47838,0.44242,0.65499,0.44533,26,619,1280,632
1753173686841,0.47798,0.44259,0.65498,0.44538,26,619,1280,632
1753173686857,0.47774,0.44310,0.65481,0.44510,26,619,1280,632
1753173686874,0.47745,0.44301,0.65436,0.44567,26,619,1280,632
1753173686891,0.47749,0.44320,0.65442,0.44586,26,619,1280,632
1753173686908,0.47731,0.44297,0.65421,0.44555,26,619,1280,632
1753173686925,0.47714,0.44277,0.65455,0.44565,26,619,1280,632
1753173686942,0.47711,0.44265,0.65445,0.44575,26,619,1280,632
1753173686958,0.47698,0.44286,0.65438,0.44574,26,619,1280,632
1753173686975,0.47696,0.44286,0.65432,0.44553,26,619,1280,632
1753173686992,0.47727,0.44297,0.65463,0.44585,26,619,1280,632
1753173687008,0.47749,0.44273,0.65450,0.44610,26,619,1280,632
1753173687025,0.47740,0.44310,0.65457,0.44615,26,619,1280,632
1753173687041,0.47734,0.44266,0.65457,0.44603,26,619,1280,632
1753173687057,0.47736,0.44268,0.65459,0.44605,26,619,1280,632
1753173687073,0.47739,0.44270,0.65462,0.44606,26,619,1280,632
1753173687090,0.47741,0.44302,0.65418,0.44608,26,619,1280,632
1753173687107,0.47748,0.44294,0.65428,0.44631,26,619,1280,632
1753173687124,0.47731,0.44282,0.65459,0.44579,26,619,1280,632
1753173687143,0.47741,0.44301,0.65475,0.44599,26,619,1280,632
1753173687159,0.47751,0.44291,0.65441,0.44579,26,619,1280,632
1753173687176,0.47721,0.44319,0.65446,0.44537,26,619,1280,632
1753173687193,0.47732,0.44327,0.65434,0.44562,26,619,1280,632
1753173687209,0.47708,0.44317,0.65429,0.44553,26,619,1280,632
1753173687226,0.47714,0.44318,0.65441,0.44576,26,619,1280,632
1753173687242,0.47716,0.44306,0.65441,0.44563,26,619,1280,632
1753173687259,0.47696,0.44304,0.65444,0.44540,26,619,1280,632
1753173687276,0.47687,0.44280,0.65414,0.44547,26,619,1280,632
1753173687292,0.47666,0.44290,0.65421,0.44526,26,619,1280,632
1753173687309,0.47680,0.44267,0.65434,0.44525,26,619,1280,632
1753173687326,0.47633,0.44304,0.65394,0.44531,26,619,1280,632
1753173687342,0.47639,0.44314,0.65392,0.44573,26,619,1280,632
1753173687359,0.47624,0.44310,0.65388,0.44546,26,619,1280,632
1753173687376,0.47634,0.44292,0.65393,0.44550,26,619,1280,632
1753173687392,0.47634,0.44303,0.65399,0.44530,26,619,1280,632
1753173687409,0.47636,0.44294,0.65374,0.44552,26,619,1280,632
1753173687426,0.47630,0.44305,0.65395,0.44532,26,619,1280,632
1753173687442,0.47632,0.44292,0.65372,0.44581,26,619,1280,632
1753173687459,0.47623,0.44290,0.65364,0.44557,26,619,1280,632
1753173687476,0.47644,0.44270,0.65368,0.44559,26,619,1280,632
1753173687493,0.47631,0.44269,0.65310,0.44496,26,619,1280,632
1753173687510,0.47613,0.44281,0.65292,0.44548,26,619,1280,632
1753173687527,0.47625,0.44284,0.65304,0.44551,26,619,1280,632
1753173687540,0.47643,0.44287,0.65367,0.44584,26,619,1280,632
1753173687557,0.47627,0.44261,0.65358,0.44558,26,619,1280,632
1753173687574,0.47636,0.44243,0.65364,0.44562,26,619,1280,632
1753173687591,0.47625,0.44254,0.65357,0.44542,26,619,1280,632
1753173687608,0.47622,0.44250,0.65371,0.44570,26,619,1280,632
1753173687624,0.47611,0.44239,0.65365,0.44567,26,619,1280,632
1753173687641,0.47649,0.44254,0.65361,0.44542,26,619,1280,632
1753173687658,0.47733,0.44224,0.65418,0.44522,26,619,1280,632
1753173687676,0.47704,0.44196,0.65429,0.44463,26,619,1280,632
1753173687692,0.47744,0.44227,0.65442,0.44533,26,619,1280,632
1753173687705,0.47787,0.44232,0.65464,0.44517,26,619,1280,632
1753173687724,0.47744,0.44222,0.65473,0.44458,26,619,1280,632
1753173687744,0.47766,0.44209,0.65465,0.44498,26,619,1280,632
1753173687760,0.47756,0.44198,0.65459,0.44464,26,619,1280,632
1753173687777,0.47760,0.44215,0.65480,0.44473,26,619,1280,632
1753173687794,0.47765,0.44221,0.65469,0.44479,26,619,1280,632
1753173687808,0.47853,0.44178,0.65555,0.44528,26,619,1280,632
1753173687824,0.47827,0.44164,0.65546,0.44465,26,619,1280,632
1753173687841,0.47840,0.44159,0.65554,0.44451,26,619,1280,632
1753173687858,0.47852,0.44170,0.65557,0.44493,26,619,1280,632
1753173687875,0.47899,0.44184,0.65596,0.44538,26,619,1280,632
1753173687891,0.47878,0.44172,0.65590,0.44486,26,619,1280,632
1753173687908,0.47889,0.44176,0.65625,0.44481,26,619,1280,632
1753173687924,0.47889,0.44168,0.65612,0.44464,26,619,1280,632
1753173687940,0.47903,0.44159,0.65626,0.44495,26,619,1280,632
1753173687957,0.47872,0.44143,0.65622,0.44479,26,619,1280,632
1753173687973,0.47875,0.44173,0.65622,0.44470,26,619,1280,632
1753173687991,0.47981,0.44165,0.65620,0.44490,26,619,1280,632
1753173688008,0.47952,0.44170,0.65608,0.44444,26,619,1280,632
1753173688025,0.47971,0.44179,0.65614,0.44462,26,619,1280,632
1753173688042,0.48023,0.44196,0.65705,0.44540,26,619,1280,632
1753173688059,0.47979,0.44157,0.65694,0.44492,26,619,1280,632
1753173688076,0.48039,0.44165,0.65702,0.44531,26,619,1280,632
1753173688092,0.48007,0.44178,0.65684,0.44513,26,619,1280,632
1753173688109,0.48082,0.44219,0.65710,0.44514,26,619,1280,632
1753173688126,0.48063,0.44194,0.65708,0.44476,26,619,1280,632
1753173688142,0.48078,0.44194,0.65692,0.44507,26,619,1280,632
1753173688159,0.48038,0.44185,0.65685,0.44498,26,619,1280,632
1753173688176,0.48075,0.44209,0.65708,0.44553,26,619,1280,632
1753173688192,0.48047,0.44204,0.65691,0.44495,26,619,1280,632
1753173688210,0.48091,0.44258,0.65791,0.44581,26,619,1280,632
1753173688226,0.48071,0.44220,0.65747,0.44512,26,619,1280,632
1753173688242,0.48117,0.44217,0.65765,0.44561,26,619,1280,632
1753173688258,0.48097,0.44224,0.65762,0.44507,26,619,1280,632
1753173688275,0.48128,0.44210,0.65778,0.44576,26,619,1280,632
1753173688291,0.48086,0.44230,0.65756,0.44504,26,619,1280,632
1753173688308,0.48105,0.44197,0.65778,0.44524,26,619,1280,632
1753173688324,0.48067,0.44219,0.65773,0.44514,26,619,1280,632
1753173688341,0.48088,0.44211,0.65785,0.44547,26,619,1280,632
1753173688357,0.48069,0.44225,0.65775,0.44521,26,619,1280,632
1753173688374,0.48089,0.44210,0.65763,0.44536,26,619,1280,632
1753173688390,0.48085,0.44204,0.65744,0.44517,26,619,1280,632
1753173688408,0.48098,0.44193,0.65740,0.44537,26,619,1280,632
1753173688424,0.48077,0.44195,0.65747,0.44518,26,619,1280,632
1753173688441,0.48025,0.44136,0.65695,0.44520,26,619,1280,632
1753173688458,0.48025,0.44138,0.65695,0.44522,26,619,1280,632
1753173688475,0.48047,0.44141,0.65695,0.44524,26,619,1280,632
1753173688492,0.48029,0.44143,0.65678,0.44496,26,619,1280,632
1753173688508,0.48035,0.44147,0.65691,0.44500,26,619,1280,632
1753173688525,0.48051,0.44151,0.65702,0.44513,26,619,1280,632
1753173688542,0.48019,0.44164,0.65675,0.44434,26,619,1280,632
1753173688559,0.48037,0.44130,0.65678,0.44461,26,619,1280,632
1753173688575,0.48027,0.44133,0.65699,0.44434,26,619,1280,632
1753173688591,0.48039,0.44154,0.65680,0.44446,26,619,1280,632
1753173688609,0.48015,0.44158,0.65757,0.44420,26,619,1280,632
1753173688625,0.48026,0.44192,0.65739,0.44463,26,619,1280,632
1753173688642,0.48021,0.44191,0.65764,0.44423,26,619,1280,632
1753173688659,0.48037,0.44183,0.65749,0.44466,26,619,1280,632
1753173688675,0.48079,0.44214,0.65779,0.44467,26,619,1280,632
1753173688692,0.48080,0.44205,0.65781,0.44466,26,619,1280,632
1753173688708,0.48081,0.44187,0.65812,0.44458,26,619,1280,632
1753173688725,0.48081,0.44208,0.65782,0.44470,26,619,1280,632
1753173688741,0.48081,0.44190,0.65814,0.44461,26,619,1280,632
1753173688758,0.48064,0.44211,0.65789,0.44473,26,619,1280,632
1753173688774,0.48110,0.44220,0.65818,0.44513,26,619,1280,632
1753173688791,0.48093,0.44227,0.65800,0.44519,26,619,1280,632
1753173688807,0.48093,0.44229,0.65823,0.44491,26,619,1280,632
1753173688825,0.48092,0.44231,0.65823,0.44493,26,619,1280,632
1753173688842,0.48161,0.44234,0.65800,0.44495,26,619,1280,632
1753173688858,0.48173,0.44214,0.65789,0.44453,26,619,1280,632
1753173688875,0.48151,0.44244,0.65756,0.44474,26,619,1280,632
1753173688891,0.48163,0.44226,0.65777,0.44496,26,619,1280,632
1753173688908,0.48169,0.44223,0.65762,0.44462,26,619,1280,632
1753173688924,0.48141,0.44221,0.65773,0.44491,26,619,1280,632
1753173688941,0.48217,0.44221,0.65832,0.44451,26,619,1280,632
1753173688958,0.48208,0.44233,0.65824,0.44463,26,619,1280,632
1753173688975,0.48214,0.44212,0.65836,0.44472,26,619,1280,632
1753173688992,0.48190,0.44210,0.65831,0.44481,26,619,1280,632
1753173689009,0.48260,0.44272,0.65908,0.44533,26,619,1280,632
1753173689025,0.48239,0.44258,0.65904,0.44519,26,619,1280,632
1753173689042,0.48238,0.44257,0.65896,0.44550,26,619,1280,632
1753173689059,0.48256,0.44263,0.65875,0.44493,26,619,1280,632
1753173689075,0.48249,0.44285,0.65883,0.44507,26,619,1280,632
1753173689092,0.48253,0.44264,0.65874,0.44525,26,619,1280,632
1753173689109,0.48234,0.44284,0.65877,0.44558,26,619,1280,632
1753173689125,0.48239,0.44280,0.65880,0.44541,26,619,1280,632
1753173689142,0.48221,0.44302,0.65877,0.44555,26,619,1280,632
1753173689157,0.48215,0.44321,0.65854,0.44582,26,619,1280,632
1753173689175,0.48208,0.44347,0.65841,0.44609,26,619,1280,632
1753173689192,0.48203,0.44328,0.65837,0.44598,26,619,1280,632
1753173689209,0.48210,0.44329,0.65844,0.44600,26,619,1280,632
1753173689225,0.48211,0.44331,0.65846,0.44601,26,619,1280,632
1753173689242,0.48127,0.44310,0.65786,0.44559,26,619,1280,632
1753173689259,0.48142,0.44283,0.65782,0.44614,26,619,1280,632
1753173689275,0.48139,0.44293,0.65785,0.44604,26,619,1280,632
1753173689292,0.48128,0.44284,0.65797,0.44594,26,619,1280,632
1753173689308,0.48156,0.44262,0.65787,0.44594,26,619,1280,632
1753173689325,0.48159,0.44269,0.65787,0.44570,26,619,1280,632
1753173689342,0.48109,0.44218,0.65739,0.44466,26,619,1280,632
1753173689358,0.48168,0.44214,0.65730,0.44481,26,619,1280,632
1753173689374,0.48144,0.44175,0.65743,0.44442,26,619,1280,632
1753173689391,0.48166,0.44164,0.65743,0.44453,26,619,1280,632
1753173689408,0.48097,0.44138,0.65742,0.44396,26,619,1280,632
1753173689424,0.48077,0.44143,0.65762,0.44411,26,619,1280,632
1753173689441,0.48066,0.44114,0.65756,0.44403,26,619,1280,632
1753173690458,0.47663,0.44284,0.65463,0.44630,320,619,1280,632
1753173690475,0.47645,0.44317,0.65454,0.44624,320,619,1280,632
1753173690492,0.47628,0.44378,0.65455,0.44641,320,619,1280,632
1753173690508,0.47641,0.44332,0.65475,0.44664,320,619,1280,632
1753173690525,0.47637,0.44330,0.65471,0.44693,320,619,1280,632
1753173690542,0.47652,0.44338,0.65483,0.44723,320,619,1280,632
1753173690559,0.47645,0.44337,0.65477,0.44691,320,619,1280,632
1753173690575,0.47651,0.44305,0.65482,0.44721,320,619,1280,632
1753173690592,0.47650,0.44305,0.65482,0.44690,320,619,1280,632
1753173690610,0.47650,0.44334,0.65482,0.44689,320,619,1280,632
1753173690627,0.47627,0.44334,0.65459,0.44719,320,619,1280,632
1753173690643,0.47661,0.44324,0.65466,0.44691,320,619,1280,632
1753173690660,0.47653,0.44335,0.65480,0.44742,320,619,1280,632
1753173690674,0.47646,0.44345,0.65496,0.44791,320,619,1280,632
1753173690691,0.47621,0.44363,0.65459,0.44770,320,619,1280,632
1753173690709,0.47635,0.44418,0.65467,0.44763,320,619,1280,632
1753173690726,0.47625,0.44373,0.65481,0.44780,320,619,1280,632
1753173690743,0.47622,0.44437,0.65472,0.44761,320,619,1280,632
1753173690759,0.47625,0.44422,0.65477,0.44807,320,619,1280,632
1753173690776,0.47605,0.44405,0.65451,0.44751,320,619,1280,632
1753173690793,0.47691,0.44417,0.65522,0.44832,320,619,1280,632
1753173690809,0.47632,0.44433,0.65466,0.44739,320,619,1280,632
1753173690826,0.47677,0.44388,0.65503,0.44794,320,619,1280,632
1753173690843,0.47730,0.44441,0.65528,0.44786,320,619,1280,632
1753173690860,0.47727,0.44401,0.65502,0.44769,320,619,1280,632
1753173690877,0.47706,0.44408,0.65506,0.44753,320,619,1280,632
1753173690893,0.47714,0.44390,0.65490,0.44748,320,619,1280,632
1753173690910,0.47720,0.44393,0.65500,0.44791,320,619,1280,632
1753173690927,0.47704,0.44385,0.65506,0.44805,320,619,1280,632
1753173690943,0.47694,0.44358,0.65468,0.44738,320,619,1280,632
1753173690960,0.47710,0.44367,0.65486,0.44756,320,619,1280,632
1753173690976,0.47705,0.44400,0.65480,0.44758,320,619,1280,632
1753173690992,0.47683,0.44371,0.65480,0.44730,320,619,1280,632
1753173691009,0.47739,0.44395,0.65517,0.44753,320,619,1280,632
1753173691026,0.47726,0.44421,0.65499,0.44749,320,619,1280,632
1753173691042,0.47738,0.44418,0.65507,0.44715,320,619,1280,632
1753173691059,0.47717,0.44440,0.65487,0.44746,320,619,1280,632
1753173691073,0.47707,0.44437,0.65546,0.44782,320,619,1280,632
1753173691092,0.47717,0.44440,0.65533,0.44747,320,619,1280,632
1753173691109,0.47710,0.44422,0.65529,0.44759,320,619,1280,632
1753173691126,0.47714,0.44397,0.65531,0.44725,320,619,1280,632
1753173691143,0.47714,0.44394,0.65528,0.44722,320,619,1280,632
1753173691160,0.47715,0.44401,0.65532,0.44729,320,619,1280,632
1753173691177,0.47719,0.44420,0.65491,0.44747,320,619,1280,632
1753173691194,0.47722,0.44441,0.65517,0.44778,320,619,1280,632
1753173691210,0.47727,0.44423,0.65498,0.44750,320,619,1280,632
1753173691226,0.47713,0.44444,0.65507,0.44781,320,619,1280,632
1753173691243,0.47718,0.44431,0.65491,0.44768,320,619,1280,632
1753173691269,0.47709,0.44438,0.65506,0.44783,320,619,1280,632
1753173691283,0.47719,0.44438,0.65489,0.44805,320,619,1280,632
1753173691298,0.47726,0.44435,0.65475,0.44802,320,619,1280,632
1753173691315,0.47734,0.44437,0.65482,0.44773,320,619,1280,632
1753173691330,0.47712,0.44433,0.65486,0.44800,320,619,1280,632
1753173691344,0.47702,0.44425,0.65498,0.44722,320,619,1280,632
1753173691361,0.47721,0.44414,0.65504,0.44728,320,619,1280,632
1753173691377,0.47711,0.44436,0.65489,0.44720,320,619,1280,632
1753173691394,0.47704,0.44437,0.65504,0.44721,320,619,1280,632
1753173691411,0.47684,0.44468,0.65462,0.44752,320,619,1280,632
1753173691428,0.47685,0.44445,0.65463,0.44750,320,619,1280,632
1753173691445,0.47703,0.44450,0.65488,0.44773,320,619,1280,632
1753173691461,0.47697,0.44452,0.65482,0.44775,320,619,1280,632
1753173691479,0.47730,0.44411,0.65515,0.44695,320,619,1280,632
1753173691495,0.47737,0.44396,0.65528,0.44710,320,619,1280,632
1753173691512,0.47740,0.44425,0.65532,0.44709,320,619,1280,632
1753173691529,0.47720,0.44384,0.65512,0.44721,320,619,1280,632
1753173691545,0.47722,0.44386,0.65514,0.44723,320,619,1280,632
1753173691561,0.47729,0.44413,0.65523,0.44719,320,619,1280,632
1753173691579,0.47754,0.44415,0.65525,0.44659,320,619,1280,632
1753173691595,0.47771,0.44379,0.65558,0.44693,320,619,1280,632
1753173691612,0.47781,0.44378,0.65546,0.44684,320,619,1280,632
1753173691629,0.47762,0.44325,0.65532,0.44661,320,619,1280,632
1753173691646,0.47789,0.44401,0.65582,0.44646,320,619,1280,632
1753173691662,0.47764,0.44352,0.65564,0.44636,320,619,1280,632
1753173691679,0.47788,0.44401,0.65562,0.44624,320,619,1280,632
1753173691696,0.47751,0.44373,0.65569,0.44635,320,619,1280,632
1753173691712,0.47778,0.44366,0.65577,0.44659,320,619,1280,632
1753173691729,0.47782,0.44356,0.65581,0.44640,320,619,1280,632
1753173691746,0.47830,0.44378,0.65610,0.44661,320,619,1280,632
1753173691763,0.47806,0.44355,0.65629,0.44639,320,619,1280,632
1753173691780,0.47819,0.44434,0.65592,0.44657,320,619,1280,632
1753173691797,0.47800,0.44407,0.65616,0.44638,320,619,1280,632
1753173691814,0.47859,0.44421,0.65638,0.44744,320,619,1280,632
1753173691830,0.47818,0.44349,0.65615,0.44655,320,619,1280,632
1753173691847,0.47863,0.44397,0.65644,0.44703,320,619,1280,632
1753173691863,0.47854,0.44363,0.65609,0.44660,320,619,1280,632
1753173691880,0.47876,0.44356,0.65635,0.44684,320,619,1280,632
1753173691894,0.47890,0.44305,0.65700,0.44786,320,619,1280,632
1753173691912,0.47894,0.44361,0.65702,0.44790,320,619,1280,632
1753173691929,0.47889,0.44353,0.65696,0.44781,320,619,1280,632
1753173691945,0.47883,0.44381,0.65711,0.44788,320,619,1280,632
1753173691962,0.47854,0.44390,0.65701,0.44797,320,619,1280,632
1753173691978,0.47946,0.44429,0.65788,0.44866,320,619,1280,632
1753173691995,0.47893,0.44395,0.65738,0.44753,320,619,1280,632
1753173692011,0.47906,0.44463,0.65753,0.44792,320,619,1280,632
1753173692028,0.47913,0.44376,0.65743,0.44804,320,619,1280,632
1753173692045,0.48068,0.44484,0.65870,0.44803,320,619,1280,632
1753173692061,0.48061,0.44433,0.65849,0.44800,320,619,1280,632
1753173692077,0.48041,0.44463,0.65844,0.44791,320,619,1280,632
1753173692093,0.48056,0.44451,0.65837,0.44748,320,619,1280,632
1753173692110,0.48042,0.44439,0.65853,0.44798,320,619,1280,632
1753173692127,0.48049,0.44442,0.65836,0.44770,320,619,1280,632
1753173692144,0.48077,0.44405,0.65955,0.44816,320,619,1280,632
1753173692161,0.48090,0.44386,0.65905,0.44727,320,619,1280,632
1753173692178,0.48053,0.44456,0.65929,0.44806,320,619,1280,632
1753173692194,0.48091,0.44387,0.65929,0.44767,320,619,1280,632
1753173692212,0.48131,0.44392,0.66015,0.44825,320,619,1280,632
1753173692228,0.48109,0.44356,0.65983,0.44727,320,619,1280,632
1753173692245,0.48117,0.44409,0.65973,0.44773,320,619,1280,632
1753173692262,0.48113,0.44424,0.66000,0.44743,320,619,1280,632
1753173692279,0.48102,0.44438,0.65989,0.44757,320,619,1280,632
1753173692292,0.48178,0.44426,0.66038,0.44815,320,619,1280,632
1753173692311,0.48176,0.44445,0.65991,0.44772,320,619,1280,632
1753173692328,0.48133,0.44443,0.65983,0.44810,320,619,1280,632
1753173692344,0.48162,0.44446,0.65937,0.44725,320,619,1280,632
1753173692361,0.48139,0.44476,0.65984,0.44804,320,619,1280,632
1753173692378,0.48138,0.44464,0.66003,0.44814,320,619,1280,632
1753173692394,0.48149,0.44474,0.66016,0.44824,320,619,1280,632
1753173692411,0.48164,0.44464,0.66008,0.44805,320,619,1280,632
1753173692428,0.48156,0.44437,0.66008,0.44809,320,619,1280,632
1753173692444,0.48152,0.44443,0.66031,0.44824,320,619,1280,632
1753173692461,0.48150,0.44443,0.65984,0.44885,320,619,1280,632
1753173692478,0.48148,0.44467,0.65950,0.44838,320,619,1280,632
1753173692495,0.48158,0.44440,0.65964,0.44833,320,619,1280,632
1753173692511,0.48164,0.44434,0.65973,0.44858,320,619,1280,632
1753173692528,0.48211,0.44438,0.65997,0.44862,320,619,1280,632
1753173692544,0.48202,0.44411,0.65961,0.44856,320,619,1280,632
1753173692561,0.48200,0.44442,0.65988,0.44866,320,619,1280,632
1753173692577,0.48221,0.44400,0.65988,0.44855,320,619,1280,632
1753173692594,0.48236,0.44470,0.65978,0.44916,320,619,1280,632
1753173692611,0.48260,0.44426,0.65986,0.44910,320,619,1280,632
1753173692628,0.48257,0.44394,0.65981,0.44892,320,619,1280,632
1753173692644,0.48247,0.44422,0.65979,0.44929,320,619,1280,632
1753173692661,0.48256,0.44418,0.65987,0.44894,320,619,1280,632
1753173692678,0.48261,0.44419,0.65971,0.44925,320,619,1280,632
1753173692695,0.48317,0.44411,0.66028,0.44816,320,619,1280,632
1753173692711,0.48324,0.44377,0.66020,0.44792,320,619,1280,632
1753173692728,0.48314,0.44427,0.66008,0.44850,320,619,1280,632
1753173692744,0.48304,0.44400,0.66021,0.44823,320,619,1280,632
1753173692761,0.48264,0.44424,0.65985,0.44755,320,619,1280,632
1753173692778,0.48274,0.44427,0.66004,0.44807,320,619,1280,632
1753173692794,0.48270,0.44446,0.65993,0.44795,320,619,1280,632
1753173692812,0.48273,0.44436,0.66000,0.44816,320,619,1280,632
1753173692828,0.48255,0.44446,0.66003,0.44795,320,619,1280,632
1753173692844,0.48249,0.44424,0.65997,0.44782,320,619,1280,632
1753173692861,0.48236,0.44439,0.66053,0.44780,320,619,1280,632
1753173692879,0.48264,0.44417,0.66041,0.44749,320,619,1280,632
1753173692895,0.48268,0.44411,0.66054,0.44783,320,619,1280,632
1753173692912,0.48255,0.44417,0.66058,0.44750,320,619,1280,632
1753173692929,0.48272,0.44421,0.66057,0.44884,320,619,1280,632
1753173692945,0.48252,0.44415,0.66022,0.44808,320,619,1280,632
1753173692962,0.48252,0.44419,0.66031,0.44883,320,619,1280,632
1753173692979,0.48237,0.44411,0.66035,0.44835,320,619,1280,632
1753173692995,0.48264,0.44431,0.66049,0.44864,320,619,1280,632
1753173693012,0.48246,0.44416,0.66025,0.44849,320,619,1280,632
1753173693029,0.48322,0.44475,0.66108,0.44916,320,619,1280,632
1753173693045,0.48269,0.44536,0.66052,0.44815,320,619,1280,632
1753173693062,0.48288,0.44502,0.66077,0.44852,320,619,1280,632
1753173693078,0.48268,0.44561,0.66069,0.44849,320,619,1280,632
1753173693095,0.48291,0.44500,0.66042,0.44840,320,619,1280,632
1753173693111,0.48296,0.44485,0.66064,0.44856,320,619,1280,632
1753173693127,0.48324,0.44464,0.66053,0.44826,320,619,1280,632
1753173693146,0.48328,0.44458,0.66066,0.44860,320,619,1280,632
1753173693163,0.48333,0.44465,0.66156,0.44889,320,619,1280,632
1753173693180,0.48344,0.44459,0.66103,0.44914,320,619,1280,632
1753173693196,0.48338,0.44453,0.66124,0.44909,320,619,1280,632
1753173693212,0.48331,0.44478,0.66122,0.44903,320,619,1280,632
1753173693229,0.48333,0.44451,0.66123,0.44907,320,619,1280,632
1753173693245,0.48344,0.44446,0.66115,0.44901,320,619,1280,632
1753173693262,0.48501,0.44481,0.66272,0.44967,320,619,1280,632
1753173693279,0.48455,0.44460,0.66195,0.44889,320,619,1280,632
1753173693295,0.48455,0.44517,0.66178,0.44884,320,619,1280,632
1753173693312,0.48450,0.44516,0.66198,0.44892,320,619,1280,632
1753173693329,0.48625,0.44548,0.66369,0.45086,320,619,1280,632
1753173693346,0.48544,0.44529,0.66281,0.44971,320,619,1280,632
1753173693362,0.48519,0.44575,0.66298,0.44981,320,619,1280,632
1753173693379,0.48516,0.44578,0.66318,0.44992,320,619,1280,632
1753173693396,0.48514,0.44572,0.66311,0.45017,320,619,1280,632
1753173693413,0.48491,0.44601,0.66295,0.44976,320,619,1280,632
1753173693430,0.48595,0.44538,0.66456,0.45115,320,619,1280,632
1753173693446,0.48578,0.44582,0.66421,0.45042,320,619,1280,632
1753173693463,0.48601,0.44548,0.66430,0.45046,320,619,1280,632
1753173694495,0.48195,0.44561,0.66086,0.45058,640,619,1280,632
1753173694512,0.48219,0.44532,0.66073,0.45081,640,619,1280,632
1753173694529,0.48205,0.44554,0.66071,0.45072,640,619,1280,632
1753173694546,0.48243,0.44543,0.66107,0.45123,640,619,1280,632
1753173694563,0.48226,0.44561,0.66124,0.45125,640,619,1280,632
1753173694580,0.48222,0.44568,0.66108,0.45139,640,619,1280,632
1753173694597,0.48246,0.44546,0.66108,0.45139,640,619,1280,632
1753173694614,0.48217,0.44603,0.66090,0.45166,640,619,1280,632
1753173694631,0.48222,0.44608,0.66073,0.45162,640,619,1280,632
1753173694647,0.48209,0.44602,0.66095,0.45156,640,619,1280,632
1753173694664,0.48214,0.44603,0.66076,0.45166,640,619,1280,632
1753173694681,0.48206,0.44607,0.66083,0.45139,640,619,1280,632
1753173694697,0.48203,0.44613,0.66086,0.45146,640,619,1280,632
1753173694714,0.48188,0.44578,0.66076,0.45194,640,619,1280,632
1753173694730,0.48222,0.44642,0.66041,0.45203,640,619,1280,632
1753173694747,0.48181,0.44638,0.66053,0.45187,640,619,1280,632
1753173694763,0.48196,0.44620,0.66046,0.45199,640,619,1280,632
1753173694781,0.48117,0.44649,0.66002,0.45220,640,619,1280,632
1753173694797,0.48135,0.44669,0.65956,0.45248,640,619,1280,632
1753173694814,0.48132,0.44684,0.65987,0.45255,640,619,1280,632
1753173694830,0.48146,0.44681,0.65965,0.45229,640,619,1280,632
1753173694848,0.48060,0.44652,0.65932,0.45232,640,619,1280,632
1753173694864,0.48081,0.44673,0.65897,0.45229,640,619,1280,632
1753173694881,0.48078,0.44656,0.65886,0.45252,640,619,1280,632
1753173694898,0.48070,0.44656,0.65885,0.45252,640,619,1280,632
1753173694915,0.48073,0.44686,0.65892,0.45242,640,619,1280,632
1753173694931,0.48078,0.44679,0.65885,0.45274,640,619,1280,632
1753173694948,0.48024,0.44677,0.65881,0.45234,640,619,1280,632
1753173694965,0.48050,0.44686,0.65879,0.45243,640,619,1280,632
1753173694981,0.48038,0.44681,0.65887,0.45238,640,619,1280,632
1753173694997,0.48040,0.44686,0.65891,0.45265,640,619,1280,632
1753173695015,0.48059,0.44710,0.65845,0.45266,640,619,1280,632
1753173695031,0.48045,0.44692,0.65869,0.45258,640,619,1280,632
1753173695048,0.48034,0.44679,0.65881,0.45245,640,619,1280,632
1753173695065,0.48022,0.44685,0.65881,0.45281,640,619,1280,632
1753173695081,0.48032,0.44694,0.65873,0.45259,640,619,1280,632
1753173695098,0.48037,0.44671,0.65881,0.45268,640,619,1280,632
1753173695115,0.48112,0.44688,0.65897,0.45222,640,619,1280,632
1753173695131,0.48081,0.44669,0.65910,0.45212,640,619,1280,632
1753173695148,0.48063,0.44689,0.65917,0.45216,640,619,1280,632
1753173695165,0.48082,0.44695,0.65923,0.45230,640,619,1280,632
1753173695182,0.48131,0.44662,0.65924,0.45236,640,619,1280,632
1753173695198,0.48087,0.44659,0.65980,0.45217,640,619,1280,632
1753173695215,0.48117,0.44624,0.65973,0.45213,640,619,1280,632
1753173695231,0.48113,0.44650,0.65974,0.45230,640,619,1280,632
1753173695249,0.48116,0.44632,0.65957,0.45211,640,619,1280,632
1753173695262,0.48102,0.44651,0.65933,0.45208,640,619,1280,632
1753173695280,0.48110,0.44627,0.65946,0.45215,640,619,1280,632
1753173695297,0.48096,0.44632,0.65937,0.45189,640,619,1280,632
1753173695314,0.48109,0.44648,0.65928,0.45204,640,619,1280,632
1753173695330,0.48103,0.44640,0.65933,0.45205,640,619,1280,632
1753173695347,0.48056,0.44637,0.65935,0.45256,640,619,1280,632
1753173695363,0.48044,0.44621,0.65946,0.45271,640,619,1280,632
1753173695380,0.48060,0.44638,0.65926,0.45248,640,619,1280,632
1753173695397,0.48081,0.44630,0.65926,0.45249,640,619,1280,632
1753173695413,0.48045,0.44642,0.65924,0.45262,640,619,1280,632
1753173695431,0.48019,0.44607,0.65925,0.45248,640,619,1280,632
1753173695448,0.48049,0.44616,0.65923,0.45227,640,619,1280,632
1753173695465,0.48040,0.44597,0.65916,0.45238,640,619,1280,632
1753173695481,0.48052,0.44609,0.65912,0.45259,640,619,1280,632
1753173695495,0.48008,0.44603,0.65896,0.45245,640,619,1280,632
1753173695513,0.48027,0.44613,0.65863,0.45262,640,619,1280,632
1753173695530,0.48040,0.44607,0.65892,0.45247,640,619,1280,632
1753173695547,0.48032,0.44598,0.65863,0.45277,640,619,1280,632
1753173695563,0.48004,0.44623,0.65891,0.45243,640,619,1280,632
1753173695580,0.48005,0.44645,0.65876,0.45264,640,619,1280,632
1753173695596,0.48025,0.44651,0.65878,0.45270,640,619,1280,632
1753173695613,0.48028,0.44626,0.65863,0.45275,640,619,1280,632
1753173695629,0.48026,0.44642,0.65867,0.45269,640,619,1280,632
1753173695647,0.48009,0.44647,0.65860,0.45265,640,619,1280,632
1753173695664,0.48006,0.44652,0.65839,0.45271,640,619,1280,632
1753173695680,0.48023,0.44667,0.65853,0.45277,640,619,1280,632
1753173695697,0.48003,0.44677,0.65845,0.45287,640,619,1280,632
1753173695713,0.48014,0.44681,0.65841,0.45290,640,619,1280,632
1753173695731,0.47988,0.44703,0.65864,0.45291,640,619,1280,632
1753173695747,0.48014,0.44706,0.65836,0.45293,640,619,1280,632
1753173695763,0.48022,0.44712,0.65827,0.45299,640,619,1280,632
1753173695780,0.48014,0.44727,0.65824,0.45292,640,619,1280,632
1753173695797,0.48009,0.44702,0.65828,0.45289,640,619,1280,632
1753173695813,0.48030,0.44711,0.65826,0.45307,640,619,1280,632
1753173695831,0.47985,0.44715,0.65859,0.45303,640,619,1280,632
1753173695848,0.48016,0.44736,0.65819,0.45336,640,619,1280,632
1753173695865,0.48023,0.44740,0.65831,0.45349,640,619,1280,632
1753173695881,0.48017,0.44739,0.65810,0.45326,640,619,1280,632
1753173695898,0.47963,0.44714,0.65761,0.45331,640,619,1280,632
1753173695915,0.47999,0.44718,0.65734,0.45347,640,619,1280,632
1753173695932,0.47991,0.44729,0.65732,0.45358,640,619,1280,632
1753173695949,0.47996,0.44709,0.65742,0.45338,640,619,1280,632
1753173695965,0.47974,0.44726,0.65730,0.45356,640,619,1280,632
1753173695982,0.47998,0.44718,0.65741,0.45339,640,619,1280,632
1753173695999,0.47922,0.44613,0.65740,0.45305,640,619,1280,632
1753173696016,0.47989,0.44655,0.65680,0.45300,640,619,1280,632
1753173696033,0.47984,0.44632,0.65681,0.45308,640,619,1280,632
1753173696050,0.47993,0.44672,0.65696,0.45318,640,619,1280,632
1753173696068,0.47894,0.44516,0.65698,0.45225,640,619,1280,632
1753173696084,0.47917,0.44601,0.65643,0.45207,640,619,1280,632
1753173696101,0.47931,0.44580,0.65642,0.45174,640,619,1280,632
1753173696117,0.47920,0.44555,0.65649,0.45202,640,619,1280,632
1753173696131,0.47880,0.44514,0.65625,0.45100,640,619,1280,632
1753173696147,0.47916,0.44533,0.65577,0.45030,640,619,1280,632
1753173696164,0.47890,0.44510,0.65591,0.45016,640,619,1280,632
1753173696181,0.47882,0.44512,0.65589,0.45018,640,619,1280,632
1753173696198,0.47888,0.44522,0.65583,0.45028,640,619,1280,632
1753173696214,0.47903,0.44525,0.65581,0.45030,640,619,1280,632
1753173696232,0.47947,0.44497,0.65607,0.45033,640,619,1280,632
1753173696248,0.47945,0.44485,0.65639,0.45035,640,619,1280,632
1753173696265,0.47932,0.44477,0.65613,0.45035,640,619,1280,632
1753173696282,0.47901,0.44474,0.65650,0.45015,640,619,1280,632
1753173696299,0.47959,0.44589,0.65664,0.45108,640,619,1280,632
1753173696316,0.47914,0.44529,0.65703,0.45080,640,619,1280,632
1753173696332,0.47967,0.44600,0.65659,0.45088,640,619,1280,632
1753173696349,0.47928,0.44541,0.65703,0.45092,640,619,1280,632
1753173696365,0.47977,0.44588,0.65661,0.45106,640,619,1280,632
1753173696381,0.47932,0.44528,0.65699,0.45079,640,619,1280,632
1753173696398,0.47962,0.44599,0.65655,0.45148,640,619,1280,632
1753173696414,0.47941,0.44573,0.65680,0.45145,640,619,1280,632
1753173696430,0.47953,0.44580,0.65668,0.45152,640,619,1280,632
1753173696447,0.47955,0.44574,0.65659,0.45145,640,619,1280,632
1753173696463,0.47864,0.44625,0.65616,0.45206,640,619,1280,632
1753173696480,0.47882,0.44618,0.65599,0.45211,640,619,1280,632
1753173696497,0.47884,0.44617,0.65630,0.45203,640,619,1280,632
1753173696518,0.47866,0.44634,0.65619,0.45198,640,619,1280,632
1753173696534,0.47873,0.44635,0.65612,0.45198,640,619,1280,632
1753173696551,0.47874,0.44630,0.65620,0.45194,640,619,1280,632
1753173696568,0.47811,0.44710,0.65658,0.45237,640,619,1280,632
1753173696584,0.47854,0.44740,0.65625,0.45244,640,619,1280,632
1753173696601,0.47839,0.44718,0.65643,0.45231,640,619,1280,632
1753173696618,0.47825,0.44725,0.65627,0.45238,640,619,1280,632
1753173696635,0.47804,0.44800,0.65594,0.45334,640,619,1280,632
1753173696652,0.47850,0.44811,0.65603,0.45358,640,619,1280,632
1753173696669,0.47821,0.44824,0.65629,0.45350,640,619,1280,632
1753173696682,0.47774,0.44876,0.65634,0.45464,640,619,1280,632
1753173696699,0.47828,0.44897,0.65602,0.45483,640,619,1280,632
1753173696715,0.47811,0.44900,0.65652,0.45466,640,619,1280,632
1753173696731,0.47802,0.44895,0.65625,0.45491,640,619,1280,632
1753173696748,0.47804,0.44905,0.65636,0.45479,640,619,1280,632
1753173696764,0.47794,0.44912,0.65634,0.45478,640,619,1280,632
1753173696781,0.47807,0.44912,0.65633,0.45477,640,619,1280,632
1753173696798,0.47809,0.44951,0.65640,0.45517,640,619,1280,632
1753173696814,0.47823,0.44940,0.65658,0.45519,640,619,1280,632
1753173696831,0.47826,0.44931,0.65660,0.45510,640,619,1280,632
1753173696849,0.47847,0.44965,0.65668,0.45514,640,619,1280,632
1753173696865,0.47862,0.44964,0.65670,0.45521,640,619,1280,632
1753173696882,0.47860,0.44981,0.65669,0.45537,640,619,1280,632
1753173696899,0.47868,0.44994,0.65667,0.45520,640,619,1280,632
1753173696915,0.47874,0.44992,0.65660,0.45517,640,619,1280,632
1753173696933,0.47860,0.44977,0.65671,0.45534,640,619,1280,632
1753173696949,0.47846,0.44990,0.65669,0.45516,640,619,1280,632
1753173696966,0.47899,0.44998,0.65659,0.45584,640,619,1280,632
1753173696982,0.47873,0.45010,0.65692,0.45567,640,619,1280,632
1753173696999,0.47873,0.45017,0.65657,0.45582,640,619,1280,632
1753173697016,0.47840,0.45001,0.65675,0.45589,640,619,1280,632
1753173697032,0.47837,0.45010,0.65677,0.45590,640,619,1280,632
1753173697049,0.47849,0.45009,0.65670,0.45587,640,619,1280,632
1753173697065,0.47832,0.45021,0.65662,0.45578,640,619,1280,632
1753173697082,0.47852,0.44987,0.65687,0.45566,640,619,1280,632
1753173697098,0.47832,0.44995,0.65699,0.45567,640,619,1280,632
1753173697112,0.47841,0.45005,0.65696,0.45555,640,619,1280,632
1753173697131,0.47842,0.45027,0.65696,0.45571,640,619,1280,632
1753173697148,0.47846,0.45016,0.65671,0.45551,640,619,1280,632
1753173697164,0.47831,0.45005,0.65687,0.45562,640,619,1280,632
1753173697181,0.47817,0.45018,0.65689,0.45554,640,619,1280,632
1753173697198,0.47840,0.45026,0.65666,0.45553,640,619,1280,632
1753173697215,0.47840,0.45022,0.65700,0.45549,640,619,1280,632
1753173697231,0.47835,0.45016,0.65692,0.45543,640,619,1280,632
1753173697245,0.47793,0.45027,0.65662,0.45585,640,619,1280,632
1753173697265,0.47787,0.45052,0.65635,0.45619,640,619,1280,632
1753173697282,0.47804,0.45029,0.65642,0.45625,640,619,1280,632
1753173697298,0.47795,0.45050,0.65655,0.45608,640,619,1280,632
1753173697315,0.47800,0.45033,0.65648,0.45621,640,619,1280,632
1753173697331,0.47808,0.45040,0.65639,0.45627,640,619,1280,632
1753173697348,0.47493,0.44892,0.65426,0.45666,640,619,1280,632
1753173697365,0.47477,0.44902,0.65475,0.45618,640,619,1280,632
1753173697381,0.47490,0.44925,0.65454,0.45657,640,619,1280,632
1753173697399,0.47483,0.44922,0.65477,0.45647,640,619,1280,632
1753173697415,0.47428,0.44891,0.65387,0.45654,640,619,1280,632
1753173697431,0.47405,0.44892,0.65388,0.45630,640,619,1280,632
1753173697448,0.47399,0.44867,0.65397,0.45658,640,619,1280,632
1753173697465,0.47406,0.44873,0.65393,0.45633,640,619,1280,632
1753173697482,0.47416,0.44856,0.65373,0.45645,640,619,1280,632
1753173697498,0.47408,0.44871,0.65396,0.45631,640,619,1280,632
1753173698532,0.46362,0.45184,0.64676,0.46013,960,619,1280,632
1753173698549,0.46355,0.45195,0.64666,0.46002,960,619,1280,632
1753173698566,0.46372,0.45205,0.64666,0.46032,960,619,1280,632
1753173698583,0.46343,0.45199,0.64679,0.46007,960,619,1280,632
1753173698599,0.46365,0.45180,0.64666,0.46017,960,619,1280,632
1753173698616,0.46357,0.45207,0.64693,0.46015,960,619,1280,632
1753173698633,0.46347,0.45225,0.64700,0.45971,960,619,1280,632
1753173698649,0.46363,0.45195,0.64705,0.45924,960,619,1280,632
1753173698666,0.46353,0.45207,0.64687,0.45953,960,619,1280,632
1753173698682,0.46339,0.45210,0.64685,0.45940,960,619,1280,632
1753173698699,0.46453,0.45188,0.64764,0.45933,960,619,1280,632
1753173698716,0.46429,0.45172,0.64769,0.45931,960,619,1280,632
1753173698732,0.46458,0.45198,0.64765,0.45904,960,619,1280,632
1753173698748,0.46468,0.45183,0.64783,0.45928,960,619,1280,632
1753173698766,0.46460,0.45183,0.64784,0.45951,960,619,1280,632
1753173698783,0.46458,0.45199,0.64778,0.45905,960,619,1280,632
1753173698799,0.46498,0.45199,0.64848,0.45946,960,619,1280,632
1753173698816,0.46500,0.45197,0.64826,0.45907,960,619,1280,632
1753173698833,0.46489,0.45207,0.64819,0.45908,960,619,1280,632
1753173698849,0.46495,0.45223,0.64817,0.45924,960,619,1280,632
1753173698867,0.46509,0.45232,0.64818,0.45963,960,619,1280,632
1753173698884,0.46508,0.45246,0.64806,0.45968,960,619,1280,632
1753173698900,0.46518,0.45221,0.64829,0.45975,960,619,1280,632
1753173698916,0.46514,0.45218,0.64834,0.45980,960,619,1280,632
1753173698934,0.46469,0.45268,0.64830,0.45992,960,619,1280,632
1753173698949,0.46475,0.45245,0.64859,0.46029,960,619,1280,632
1753173698966,0.46450,0.45245,0.64836,0.46029,960,619,1280,632
1753173698983,0.46463,0.45248,0.64844,0.46002,960,619,1280,632
1753173698999,0.46458,0.45253,0.64844,0.45998,960,619,1280,632
1753173699016,0.46470,0.45235,0.64841,0.45988,960,619,1280,632
1753173699034,0.46445,0.45320,0.64790,0.46032,960,619,1280,632
1753173699051,0.46457,0.45286,0.64789,0.46037,960,619,1280,632
1753173699067,0.46453,0.45291,0.64793,0.46051,960,619,1280,632
1753173699084,0.46456,0.45288,0.64801,0.46040,960,619,1280,632
1753173699100,0.46419,0.45387,0.64788,0.46117,960,619,1280,632
1753173699117,0.46431,0.45348,0.64804,0.46078,960,619,1280,632
1753173699134,0.46426,0.45379,0.64765,0.46077,960,619,1280,632
1753173699150,0.46449,0.45368,0.64774,0.46079,960,619,1280,632
1753173699166,0.46419,0.45383,0.64780,0.46074,960,619,1280,632
1753173699183,0.46448,0.45362,0.64760,0.46042,960,619,1280,632
1753173699200,0.46414,0.45428,0.64825,0.46160,960,619,1280,632
1753173699216,0.46419,0.45387,0.64830,0.46141,960,619,1280,632
1753173699233,0.46432,0.45419,0.64816,0.46150,960,619,1280,632
1753173699249,0.46429,0.45397,0.64850,0.46151,960,619,1280,632
1753173699267,0.46494,0.45399,0.64842,0.46129,960,619,1280,632
1753173699284,0.46501,0.45370,0.64887,0.46176,960,619,1280,632
1753173699300,0.46471,0.45399,0.64865,0.46144,960,619,1280,632
1753173699317,0.46501,0.45351,0.64874,0.46157,960,619,1280,632
1753173699334,0.46465,0.45379,0.64867,0.46155,960,619,1280,632
1753173699351,0.46511,0.45347,0.64884,0.46153,960,619,1280,632
1753173699368,0.46471,0.45444,0.64880,0.46128,960,619,1280,632
1753173699385,0.46502,0.45420,0.64896,0.46120,960,619,1280,632
1753173699401,0.46487,0.45422,0.64908,0.46137,960,619,1280,632
1753173699417,0.46485,0.45410,0.64905,0.46125,960,619,1280,632
1753173699435,0.46493,0.45446,0.64858,0.46137,960,619,1280,632
1753173699451,0.46504,0.45426,0.64893,0.46188,960,619,1280,632
1753173699468,0.46496,0.45464,0.64878,0.46165,960,619,1280,632
1753173699484,0.46504,0.45451,0.64870,0.46173,960,619,1280,632
1753173699501,0.46468,0.45490,0.64823,0.46250,960,619,1280,632
1753173699517,0.46458,0.45469,0.64846,0.46205,960,619,1280,632
1753173699534,0.46450,0.45493,0.64840,0.46247,960,619,1280,632
1753173699550,0.46473,0.45491,0.64829,0.46243,960,619,1280,632
1753173699567,0.46462,0.45470,0.64830,0.46222,960,619,1280,632
1753173699585,0.46463,0.45494,0.64839,0.46239,960,619,1280,632
1753173699601,0.46418,0.45491,0.64765,0.46265,960,619,1280,632
1753173699617,0.46418,0.45497,0.64798,0.46264,960,619,1280,632
1753173699634,0.46409,0.45491,0.64768,0.46275,960,619,1280,632
1753173699650,0.46413,0.45465,0.64784,0.46293,960,619,1280,632
1753173699667,0.46406,0.45470,0.64743,0.46252,960,619,1280,632
1753173699685,0.46400,0.45445,0.64752,0.46281,960,619,1280,632
1753173699701,0.46406,0.45464,0.64750,0.46278,960,619,1280,632
1753173699718,0.46402,0.45449,0.64758,0.46285,960,619,1280,632
1753173699734,0.46398,0.45463,0.64751,0.46268,960,619,1280,632
1753173699750,0.46401,0.45449,0.64740,0.46285,960,619,1280,632
1753173699766,0.46377,0.45441,0.64709,0.46215,960,619,1280,632
1753173699783,0.46391,0.45428,0.64746,0.46242,960,619,1280,632
1753173699799,0.46377,0.45457,0.64733,0.46226,960,619,1280,632
1753173699818,0.46388,0.45447,0.64753,0.46239,960,619,1280,632
1753173699838,0.46392,0.45401,0.64749,0.46232,960,619,1280,632
1753173699855,0.46407,0.45453,0.64752,0.46183,960,619,1280,632
1753173699872,0.46395,0.45406,0.64761,0.46199,960,619,1280,632
1753173699888,0.46388,0.45444,0.64753,0.46183,960,619,1280,632
1753173699905,0.46409,0.45413,0.64753,0.46204,960,619,1280,632
1753173699918,0.46407,0.45380,0.64776,0.46150,960,619,1280,632
1753173699935,0.46424,0.45388,0.64768,0.46148,960,619,1280,632
1753173699951,0.46403,0.45375,0.64785,0.46137,960,619,1280,632
1753173699968,0.46436,0.45389,0.64782,0.46149,960,619,1280,632
1753173699985,0.46398,0.45376,0.64782,0.46138,960,619,1280,632
1753173700002,0.46460,0.45421,0.64786,0.46120,960,619,1280,632
1753173700019,0.46438,0.45393,0.64766,0.46083,960,619,1280,632
1753173700036,0.46436,0.45378,0.64775,0.46113,960,619,1280,632
1753173700049,0.46416,0.45418,0.64804,0.46141,960,619,1280,632
1753173700066,0.46440,0.45397,0.64801,0.46142,960,619,1280,632
1753173700083,0.46413,0.45418,0.64790,0.46132,960,619,1280,632
1753173700100,0.46430,0.45402,0.64792,0.46146,960,619,1280,632
1753173700116,0.46414,0.45423,0.64792,0.46137,960,619,1280,632
1753173700133,0.46431,0.45407,0.64795,0.46151,960,619,1280,632
1753173700151,0.46420,0.45490,0.64823,0.46174,960,619,1280,632
1753173700168,0.46425,0.45457,0.64799,0.46193,960,619,1280,632
1753173700185,0.46413,0.45445,0.64816,0.46183,960,619,1280,632
1753173700201,0.46413,0.45463,0.64809,0.46169,960,619,1280,632
1753173700217,0.46380,0.45502,0.64764,0.46208,960,619,1280,632
1753173700233,0.46372,0.45479,0.64761,0.46208,960,619,1280,632
1753173700250,0.46401,0.45487,0.64753,0.46205,960,619,1280,632
1753173700267,0.46397,0.45480,0.64769,0.46238,960,619,1280,632
1753173700283,0.46374,0.45484,0.64760,0.46220,960,619,1280,632
1753173700301,0.46372,0.45492,0.64764,0.46220,960,619,1280,632
1753173700318,0.46360,0.45485,0.64696,0.46273,960,619,1280,632
1753173700335,0.46366,0.45483,0.64677,0.46251,960,619,1280,632
1753173700352,0.46380,0.45494,0.64709,0.46281,960,619,1280,632
1753173700368,0.46378,0.45498,0.64693,0.46284,960,619,1280,632
1753173700385,0.46335,0.45503,0.64706,0.46253,960,619,1280,632
1753173700401,0.46343,0.45541,0.64688,0.46236,960,619,1280,632
1753173700418,0.46347,0.45513,0.64663,0.46229,960,619,1280,632
1753173700435,0.46338,0.45535,0.64647,0.46180,960,619,1280,632
1753173700451,0.46333,0.45522,0.64662,0.46208,960,619,1280,632
1753173700467,0.46348,0.45514,0.64659,0.46199,960,619,1280,632
1753173700484,0.46283,0.45500,0.64609,0.46186,960,619,1280,632
1753173700501,0.46297,0.45466,0.64677,0.46286,960,619,1280,632
1753173700518,0.46311,0.45499,0.64678,0.46265,960,619,1280,632
1753173700534,0.46298,0.45479,0.64662,0.46268,960,619,1280,632
1753173700551,0.46144,0.45479,0.64463,0.46204,960,619,1280,632
1753173700568,0.46169,0.45402,0.64516,0.46256,960,619,1280,632
1753173700584,0.46150,0.45481,0.64488,0.46273,960,619,1280,632
1753173700600,0.46147,0.45436,0.64459,0.46178,960,619,1280,632
1753173700617,0.46028,0.45550,0.64284,0.46184,960,619,1280,632
1753173700634,0.46047,0.45433,0.64349,0.46232,960,619,1280,632
1753173700651,0.46045,0.45435,0.64395,0.46223,960,619,1280,632
1753173700668,0.46065,0.45414,0.64366,0.46248,960,619,1280,632
1753173700684,0.46045,0.45421,0.64399,0.46271,960,619,1280,632
1753173700700,0.46067,0.45401,0.64391,0.46258,960,619,1280,632
1753173700717,0.45986,0.45456,0.64254,0.46218,960,619,1280,632
1753173700734,0.45971,0.45438,0.64299,0.46199,960,619,1280,632
1753173700751,0.45962,0.45450,0.64248,0.46200,960,619,1280,632
1753173700768,0.45948,0.45460,0.64270,0.46181,960,619,1280,632
1753173700784,0.45883,0.45555,0.64156,0.46141,960,619,1280,632
1753173700801,0.45862,0.45486,0.64207,0.46168,960,619,1280,632
1753173700818,0.45881,0.45484,0.64212,0.46206,960,619,1280,632
1753173700834,0.45878,0.45482,0.64227,0.46213,960,619,1280,632
1753173700851,0.45880,0.45480,0.64239,0.46242,960,619,1280,632
1753173700867,0.45877,0.45518,0.64229,0.46241,960,619,1280,632
1753173700884,0.45828,0.45514,0.64118,0.46110,960,619,1280,632
1753173700901,0.45807,0.45413,0.64189,0.46154,960,619,1280,632
1753173700918,0.45817,0.45458,0.64149,0.46135,960,619,1280,632
1753173700934,0.45816,0.45432,0.64133,0.46131,960,619,1280,632
1753173700951,0.45784,0.45515,0.64099,0.46161,960,619,1280,632
1753173700968,0.45775,0.45488,0.64112,0.46135,960,619,1280,632
1753173700984,0.45782,0.45481,0.64110,0.46128,960,619,1280,632
1753173701001,0.45789,0.45474,0.64106,0.46150,960,619,1280,632
1753173701018,0.45780,0.45490,0.64130,0.46137,960,619,1280,632
1753173701035,0.45784,0.45504,0.64129,0.46151,960,619,1280,632
1753173701052,0.45795,0.45501,0.64079,0.46124,960,619,1280,632
1753173701069,0.45799,0.45470,0.64070,0.46113,960,619,1280,632
1753173701085,0.45793,0.45495,0.64082,0.46117,960,619,1280,632
1753173701101,0.45769,0.45458,0.64114,0.46145,960,619,1280,632
1753173701118,0.45768,0.45512,0.64057,0.46081,960,619,1280,632
1753173701134,0.45788,0.45478,0.64063,0.46047,960,619,1280,632
1753173701151,0.45772,0.45517,0.64047,0.46095,960,619,1280,632
1753173701168,0.45783,0.45516,0.64060,0.46077,960,619,1280,632
1753173701184,0.45743,0.45502,0.64031,0.46103,960,619,1280,632
1753173701201,0.45739,0.45518,0.64017,0.46088,960,619,1280,632
1753173701218,0.45745,0.45525,0.64026,0.46086,960,619,1280,632
1753173701234,0.45740,0.45517,0.64017,0.46099,960,619,1280,632
1753173701251,0.45743,0.45521,0.64028,0.46091,960,619,1280,632
1753173701268,0.45763,0.45535,0.64009,0.46094,960,619,1280,632
1753173701285,0.45733,0.45528,0.64037,0.46050,960,619,1280,632
1753173701301,0.45733,0.45522,0.64003,0.46060,960,619,1280,632
1753173701318,0.45763,0.45567,0.63996,0.46064,960,619,1280,632
1753173701332,0.45733,0.45527,0.64022,0.46079,960,619,1280,632
1753173701351,0.45732,0.45479,0.64023,0.46079,960,619,1280,632
1753173701369,0.45730,0.45505,0.63994,0.46065,960,619,1280,632
1753173701385,0.45732,0.45500,0.64002,0.46069,960,619,1280,632
1753173701402,0.45757,0.45554,0.63996,0.46073,960,619,1280,632
1753173701419,0.45747,0.45494,0.64026,0.46055,960,619,1280,632
1753173701435,0.45751,0.45507,0.64012,0.46075,960,619,1280,632
1753173701453,0.45783,0.45547,0.64015,0.46106,960,619,1280,632
1753173701469,0.45750,0.45503,0.64044,0.46108,960,619,1280,632
1753173701485,0.45731,0.45529,0.64043,0.46145,960,619,1280,632
1753173701502,0.45780,0.45463,0.64164,0.46205,960,619,1280,632
1753173701520,0.45796,0.45506,0.64123,0.46193,960,619,1280,632
1753173701539,0.45800,0.45505,0.64119,0.46191,960,619,1280,632
1753173702569,0.45483,0.45691,0.63722,0.46182,1254,619,1280,632
1753173702586,0.45461,0.45687,0.63738,0.46211,1254,619,1280,632
1753173702603,0.45480,0.45687,0.63730,0.46180,1254,619,1280,632
1753173702619,0.45475,0.45687,0.63728,0.46210,1254,619,1280,632
1753173702636,0.45441,0.45716,0.63664,0.46269,1254,619,1280,632
1753173702653,0.45428,0.45686,0.63694,0.46250,1254,619,1280,632
1753173702670,0.45405,0.45716,0.63684,0.46220,1254,619,1280,632
1753173702686,0.45404,0.45705,0.63700,0.46249,1254,619,1280,632
1753173702703,0.45391,0.45696,0.63686,0.46240,1254,619,1280,632
1753173702720,0.45398,0.45707,0.63695,0.46250,1254,619,1280,632
1753173702736,0.45406,0.45790,0.63563,0.46296,1254,619,1280,632
1753173702754,0.45337,0.45746,0.63601,0.46358,1254,619,1280,632
1753173702771,0.45332,0.45744,0.63587,0.46296,1254,619,1280,632
1753173702785,0.45296,0.45895,0.63494,0.46364,1254,619,1280,632
1753173702803,0.45255,0.45860,0.63505,0.46380,1254,619,1280,632
1753173702819,0.45238,0.45826,0.63526,0.46387,1254,619,1280,632
1753173702836,0.45262,0.45832,0.63531,0.46370,1254,619,1280,632
1753173702853,0.45247,0.45855,0.63529,0.46363,1254,619,1280,632
1753173702870,0.45165,0.45889,0.63411,0.46396,1254,619,1280,632
1753173702887,0.45155,0.45885,0.63414,0.46405,1254,619,1280,632
1753173702903,0.45163,0.45871,0.63419,0.46401,1254,619,1280,632
1753173702919,0.45149,0.45876,0.63421,0.46397,1254,619,1280,632
1753173702936,0.45145,0.45902,0.63421,0.46393,1254,619,1280,632
1753173702954,0.45128,0.45906,0.63335,0.46363,1254,619,1280,632
1753173702971,0.45119,0.45871,0.63344,0.46386,1254,619,1280,632
1753173702988,0.45120,0.45922,0.63341,0.46353,1254,619,1280,632
1753173703005,0.45115,0.45892,0.63341,0.46376,1254,619,1280,632
1753173703018,0.45067,0.45867,0.63310,0.46352,1254,619,1280,632
1753173703036,0.45051,0.45863,0.63312,0.46361,1254,619,1280,632
1753173703053,0.45031,0.45841,0.63322,0.46381,1254,619,1280,632
1753173703070,0.45045,0.45880,0.63324,0.46387,1254,619,1280,632
1753173703087,0.45032,0.45855,0.63321,0.46363,1254,619,1280,632
1753173703104,0.45037,0.45868,0.63319,0.46345,1254,619,1280,632
1753173703120,0.45073,0.45903,0.63291,0.46369,1254,619,1280,632
1753173703136,0.45056,0.45878,0.63295,0.46371,1254,619,1280,632
1753173703153,0.45031,0.45891,0.63313,0.46395,1254,619,1280,632
1753173703168,0.45050,0.45922,0.63323,0.46395,1254,619,1280,632
1753173703185,0.45039,0.45889,0.63298,0.46374,1254,619,1280,632
1753173703203,0.45018,0.45847,0.63293,0.46372,1254,619,1280,632
1753173703219,0.45028,0.45859,0.63263,0.46352,1254,619,1280,632
1753173703236,0.45012,0.45862,0.63280,0.46356,1254,619,1280,632
1753173703253,0.45015,0.45851,0.63293,0.46376,1254,619,1280,632
1753173703269,0.45023,0.45854,0.63288,0.46348,1254,619,1280,632
1753173703286,0.45061,0.45813,0.63290,0.46306,1254,619,1280,632
1753173703302,0.45049,0.45830,0.63271,0.46278,1254,619,1280,632
1753173703319,0.45039,0.45816,0.63272,0.46265,1254,619,1280,632
1753173703337,0.45036,0.45835,0.63270,0.46284,1254,619,1280,632
1753173703354,0.45060,0.45784,0.63300,0.46295,1254,619,1280,632
1753173703370,0.45078,0.45808,0.63265,0.46255,1254,619,1280,632
1753173703387,0.45061,0.45797,0.63280,0.46289,1254,619,1280,632
1753173703405,0.45071,0.45806,0.63260,0.46266,1254,619,1280,632
1753173703421,0.45060,0.45796,0.63282,0.46279,1254,619,1280,632
1753173703439,0.45037,0.45785,0.63290,0.46278,1254,619,1280,632
1753173703456,0.45089,0.45723,0.63370,0.46249,1254,619,1280,632
1753173703473,0.45094,0.45753,0.63367,0.46239,1254,619,1280,632
1753173703489,0.45096,0.45740,0.63357,0.46247,1254,619,1280,632
1753173703506,0.45101,0.45746,0.63348,0.46252,1254,619,1280,632
1753173703523,0.45173,0.45678,0.63499,0.46219,1254,619,1280,632
1753173703539,0.45192,0.45698,0.63384,0.46198,1254,619,1280,632
1753173703556,0.45203,0.45704,0.63397,0.46230,1254,619,1280,632
1753173703573,0.45210,0.45718,0.63373,0.46220,1254,619,1280,632
1753173703587,0.45227,0.45691,0.63446,0.46147,1254,619,1280,632
1753173703603,0.45250,0.45701,0.63414,0.46154,1254,619,1280,632
1753173703620,0.45236,0.45686,0.63449,0.46186,1254,619,1280,632
1753173703637,0.45245,0.45661,0.63425,0.46168,1254,619,1280,632
1753173703654,0.45260,0.45682,0.63426,0.46158,1254,619,1280,632
1753173703671,0.45251,0.45686,0.63447,0.46163,1254,619,1280,632
1753173703688,0.45272,0.45692,0.63473,0.46200,1254,619,1280,632
1753173703705,0.45280,0.45725,0.63503,0.46216,1254,619,1280,632
1753173703721,0.45290,0.45687,0.63484,0.46216,1254,619,1280,632
1753173703738,0.45290,0.45726,0.63486,0.46216,1254,619,1280,632
1753173703755,0.45289,0.45744,0.63476,0.46274,1254,619,1280,632
1753173703772,0.45306,0.45794,0.63560,0.46318,1254,619,1280,632
1753173703788,0.45291,0.45784,0.63496,0.46292,1254,619,1280,632
1753173703804,0.45313,0.45805,0.63539,0.46350,1254,619,1280,632
1753173703821,0.45281,0.45761,0.63507,0.46292,1254,619,1280,632
1753173703837,0.45303,0.45802,0.63529,0.46325,1254,619,1280,632
1753173703855,0.45306,0.45834,0.63522,0.46325,1254,619,1280,632
1753173703872,0.45302,0.45825,0.63524,0.46294,1254,619,1280,632
1753173703889,0.45314,0.45817,0.63534,0.46317,1254,619,1280,632
1753173703906,0.45303,0.45836,0.63533,0.46306,1254,619,1280,632
1753173703924,0.45282,0.45851,0.63496,0.46329,1254,619,1280,632
1753173703941,0.45285,0.45817,0.63535,0.46371,1254,619,1280,632
1753173703958,0.45258,0.45831,0.63474,0.46340,1254,619,1280,632
1753173703974,0.45267,0.45815,0.63521,0.46369,1254,619,1280,632
1753173703991,0.45261,0.45843,0.63513,0.46344,1254,619,1280,632
1753173704008,0.45258,0.45833,0.63537,0.46358,1254,619,1280,632
1753173704025,0.45248,0.45828,0.63519,0.46383,1254,619,1280,632
1753173704041,0.45255,0.45867,0.63530,0.46392,1254,619,1280,632
1753173704058,0.45267,0.45833,0.63524,0.46387,1254,619,1280,632
1753173704072,0.45281,0.45829,0.63509,0.46352,1254,619,1280,632
1753173704088,0.45290,0.45820,0.63529,0.46364,1254,619,1280,632
1753173704106,0.45272,0.45808,0.63519,0.46362,1254,619,1280,632
1753173704122,0.45304,0.45859,0.63518,0.46350,1254,619,1280,632
1753173704138,0.45284,0.45816,0.63522,0.46370,1254,619,1280,632
1753173704155,0.45303,0.45797,0.63514,0.46359,1254,619,1280,632
1753173704171,0.45276,0.45770,0.63526,0.46386,1254,619,1280,632
1753173704188,0.45270,0.45818,0.63529,0.46363,1254,619,1280,632
1753173704205,0.45266,0.45769,0.63527,0.46354,1254,619,1280,632
1753173704222,0.45283,0.45789,0.63509,0.46342,1254,619,1280,632
1753173704239,0.45288,0.45800,0.63521,0.46353,1254,619,1280,632
1753173704256,0.45256,0.45835,0.63501,0.46349,1254,619,1280,632
1753173704272,0.45246,0.45789,0.63554,0.46314,1254,619,1280,632
1753173704288,0.45252,0.45806,0.63503,0.46307,1254,619,1280,632
1753173704305,0.45252,0.45799,0.63526,0.46302,1254,619,1280,632
1753173704322,0.45224,0.45804,0.63458,0.46366,1254,619,1280,632
1753173704339,0.45220,0.45791,0.63457,0.46376,1254,619,1280,632
1753173704355,0.45221,0.45781,0.63468,0.46388,1254,619,1280,632
1753173704371,0.45221,0.45787,0.63464,0.46362,1254,619,1280,632
1753173704388,0.45231,0.45776,0.63459,0.46360,1254,619,1280,632
1753173704405,0.45209,0.45807,0.63439,0.46369,1254,619,1280,632
1753173704421,0.45245,0.45799,0.63414,0.46358,1254,619,1280,632
1753173704438,0.45194,0.45780,0.63423,0.46333,1254,619,1280,632
1753173704456,0.45196,0.45771,0.63418,0.46332,1254,619,1280,632
1753173704469,0.45163,0.45784,0.63389,0.46315,1254,619,1280,632
1753173704486,0.45167,0.45789,0.63379,0.46350,1254,619,1280,632
1753173704503,0.45177,0.45782,0.63379,0.46320,1254,619,1280,632
1753173704520,0.45185,0.45788,0.63390,0.46318,1254,619,1280,632
1753173704537,0.45167,0.45792,0.63380,0.46322,1254,619,1280,632
1753173704554,0.45176,0.45785,0.63381,0.46293,1254,619,1280,632
1753173704570,0.45185,0.45792,0.63391,0.46322,1254,619,1280,632
1753173704588,0.45165,0.45815,0.63385,0.46323,1254,619,1280,632
1753173704604,0.45152,0.45803,0.63386,0.46353,1254,619,1280,632
1753173704621,0.45166,0.45814,0.63387,0.46354,1254,619,1280,632
1753173704634,0.45128,0.45836,0.63388,0.46378,1254,619,1280,632
1753173704654,0.45122,0.45858,0.63370,0.46382,1254,619,1280,632
1753173704671,0.45120,0.45837,0.63417,0.46407,1254,619,1280,632
1753173704688,0.45089,0.45856,0.63391,0.46373,1254,619,1280,632
1753173704704,0.45133,0.45845,0.63406,0.46422,1254,619,1280,632
1753173704721,0.45124,0.45835,0.63407,0.46382,1254,619,1280,632
1753173704738,0.45125,0.45829,0.63416,0.46398,1254,619,1280,632
1753173704754,0.45117,0.45820,0.63401,0.46398,1254,619,1280,632
1753173704770,0.45137,0.45836,0.63403,0.46382,1254,619,1280,632
1753173704787,0.45131,0.45846,0.63408,0.46384,1254,619,1280,632
1753173704804,0.45149,0.45796,0.63315,0.46421,1254,619,1280,632
1753173704821,0.45135,0.45796,0.63321,0.46413,1254,619,1280,632
1753173704838,0.45126,0.45811,0.63333,0.46407,1254,619,1280,632
1753173704855,0.45133,0.45812,0.63344,0.46386,1254,619,1280,632
1753173704869,0.45128,0.45764,0.63342,0.46369,1254,619,1280,632
1753173704888,0.45139,0.45771,0.63318,0.46375,1254,619,1280,632
1753173704908,0.45143,0.45792,0.63342,0.46387,1254,619,1280,632
1753173704924,0.45128,0.45768,0.63320,0.46394,1254,619,1280,632
1753173704941,0.45137,0.45781,0.63351,0.46408,1254,619,1280,632
1753173704958,0.45144,0.45777,0.63320,0.46372,1254,619,1280,632
1753173704971,0.45110,0.45819,0.63299,0.46392,1254,619,1280,632
1753173704989,0.45077,0.45793,0.63290,0.46345,1254,619,1280,632
1753173705005,0.45097,0.45794,0.63312,0.46356,1254,619,1280,632
1753173705021,0.45077,0.45805,0.63307,0.46336,1254,619,1280,632
1753173705038,0.45066,0.45818,0.63278,0.46379,1254,619,1280,632
1753173705055,0.45047,0.45809,0.63268,0.46362,1254,619,1280,632
1753173705072,0.45047,0.45806,0.63286,0.46351,1254,619,1280,632
1753173705089,0.45032,0.45812,0.63295,0.46367,1254,619,1280,632
1753173705105,0.45044,0.45790,0.63277,0.46375,1254,619,1280,632
1753173705122,0.45027,0.45798,0.63287,0.46375,1254,619,1280,632
1753173705139,0.45019,0.45833,0.63278,0.46348,1254,619,1280,632
1753173705156,0.45034,0.45830,0.63291,0.46332,1254,619,1280,632
1753173705172,0.45032,0.45829,0.63281,0.46352,1254,619,1280,632
1753173705190,0.45010,0.45847,0.63287,0.46372,1254,619,1280,632
1753173705206,0.45078,0.45796,0.63303,0.46349,1254,619,1280,632
1753173705223,0.45070,0.45812,0.63294,0.46356,1254,619,1280,632
1753173705240,0.45088,0.45813,0.63310,0.46334,1254,619,1280,632
1753173705256,0.45082,0.45808,0.63289,0.46329,1254,619,1280,632
1753173705274,0.45146,0.45715,0.63436,0.46280,1254,619,1280,632
1753173705291,0.45160,0.45748,0.63398,0.46281,1254,619,1280,632
1753173705307,0.45147,0.45739,0.63414,0.46286,1254,619,1280,632
1753173705324,0.45153,0.45746,0.63393,0.46313,1254,619,1280,632
1753173705341,0.45138,0.45745,0.63393,0.46291,1254,619,1280,632
1753173705358,0.45165,0.45740,0.63398,0.46316,1254,619,1280,632
1753173705374,0.45229,0.45734,0.63528,0.46304,1254,619,1280,632
1753173705391,0.45233,0.45735,0.63499,0.46313,1254,619,1280,632
1753173705408,0.45259,0.45767,0.63497,0.46321,1254,619,1280,632
1753173705424,0.45252,0.45759,0.63494,0.46305,1254,619,1280,632
1753173705442,0.45324,0.45701,0.63636,0.46374,1254,619,1280,632
1753173705458,0.45306,0.45719,0.63602,0.46316,1254,619,1280,632
1753173705475,0.45335,0.45740,0.63620,0.46381,1254,619,1280,632
1753173705492,0.45297,0.45723,0.63615,0.46334,1254,619,1280,632
1753173705509,0.45338,0.45722,0.63608,0.46361,1254,619,1280,632
1753173705526,0.45314,0.45704,0.63603,0.46336,1254,619,1280,632
1753173705542,0.45349,0.45739,0.63674,0.46328,1254,619,1280,632
1753173705559,0.45371,0.45743,0.63624,0.46297,1254,619,1280,632
1753173705576,0.45366,0.45751,0.63641,0.46328,1254,619,1280,632